BookingID;SectionID;ClassroomID;Date;StartTime;EndTime;NumOfStudents
1;1;61;02/09/2025;08:00;09:00;35
2;1;61;04/09/2025;08:00;09:00;35
3;1;61;07/09/2025;08:00;09:00;35
4;1;61;09/09/2025;08:00;09:00;35
5;1;61;11/09/2025;08:00;09:00;35
6;1;61;14/09/2025;08:00;09:00;35
7;1;61;16/09/2025;08:00;09:00;35
8;1;61;18/09/2025;08:00;09:00;35
9;1;61;21/09/2025;08:00;09:00;35
10;1;61;23/09/2025;08:00;09:00;35
11;1;61;25/09/2025;08:00;09:00;35
12;1;61;28/09/2025;08:00;09:00;35
13;1;61;30/09/2025;08:00;09:00;35
14;1;61;02/10/2025;08:00;09:00;35
15;1;61;05/10/2025;08:00;09:00;35
16;1;61;07/10/2025;08:00;09:00;35
17;1;61;09/10/2025;08:00;09:00;35
18;1;61;12/10/2025;08:00;09:00;35
19;1;61;14/10/2025;08:00;09:00;35
20;1;61;16/10/2025;08:00;09:00;35
21;1;61;19/10/2025;08:00;09:00;35
22;1;61;21/10/2025;08:00;09:00;35
23;1;61;23/10/2025;08:00;09:00;35
24;1;61;26/10/2025;08:00;09:00;35
25;1;61;28/10/2025;08:00;09:00;35
26;1;61;30/10/2025;08:00;09:00;35
27;1;61;02/11/2025;08:00;09:00;35
28;1;61;04/11/2025;08:00;09:00;35
29;1;61;06/11/2025;08:00;09:00;35
30;1;61;09/11/2025;08:00;09:00;35
31;1;61;11/11/2025;08:00;09:00;35
32;1;61;13/11/2025;08:00;09:00;35
33;1;61;16/11/2025;08:00;09:00;35
34;1;61;18/11/2025;08:00;09:00;35
35;1;61;20/11/2025;08:00;09:00;35
36;1;61;23/11/2025;08:00;09:00;35
37;1;61;25/11/2025;08:00;09:00;35
38;1;61;27/11/2025;08:00;09:00;35
39;1;61;30/11/2025;08:00;09:00;35
40;1;61;02/12/2025;08:00;09:00;35
41;1;61;04/12/2025;08:00;09:00;35
42;1;61;07/12/2025;08:00;09:00;35
43;1;61;09/12/2025;08:00;09:00;35
44;1;61;11/12/2025;08:00;09:00;35
45;1;61;14/12/2025;08:00;09:00;35
46;1;61;16/12/2025;08:00;09:00;35
47;1;61;18/12/2025;08:00;09:00;35
48;1;61;21/12/2025;08:00;09:00;35
49;1;61;23/12/2025;08:00;09:00;35
50;1;61;25/12/2025;08:00;09:00;35
51;1;61;28/12/2025;08:00;09:00;35
52;1;61;30/12/2025;08:00;09:00;35
53;2;61;01/09/2025;08:00;10:00;35
54;2;61;03/09/2025;08:00;10:00;35
55;2;61;08/09/2025;08:00;10:00;35
56;2;61;10/09/2025;08:00;10:00;35
57;2;61;15/09/2025;08:00;10:00;35
58;2;61;17/09/2025;08:00;10:00;35
59;2;61;22/09/2025;08:00;10:00;35
60;2;61;24/09/2025;08:00;10:00;35
61;2;61;29/09/2025;08:00;10:00;35
62;2;61;01/10/2025;08:00;10:00;35
63;2;61;06/10/2025;08:00;10:00;35
64;2;61;08/10/2025;08:00;10:00;35
65;2;61;13/10/2025;08:00;10:00;35
66;2;61;15/10/2025;08:00;10:00;35
67;2;61;20/10/2025;08:00;10:00;35
68;2;61;22/10/2025;08:00;10:00;35
69;2;61;27/10/2025;08:00;10:00;35
70;2;61;29/10/2025;08:00;10:00;35
71;2;61;03/11/2025;08:00;10:00;35
72;2;61;05/11/2025;08:00;10:00;35
73;2;61;10/11/2025;08:00;10:00;35
74;2;61;12/11/2025;08:00;10:00;35
75;2;61;17/11/2025;08:00;10:00;35
76;2;61;19/11/2025;08:00;10:00;35
77;2;61;24/11/2025;08:00;10:00;35
78;2;61;26/11/2025;08:00;10:00;35
79;2;61;01/12/2025;08:00;10:00;35
80;2;61;03/12/2025;08:00;10:00;35
81;2;61;08/12/2025;08:00;10:00;35
82;2;61;10/12/2025;08:00;10:00;35
83;2;61;15/12/2025;08:00;10:00;35
84;2;61;17/12/2025;08:00;10:00;35
85;2;61;22/12/2025;08:00;10:00;35
86;2;61;24/12/2025;08:00;10:00;35
87;2;61;29/12/2025;08:00;10:00;35
88;2;61;31/12/2025;08:00;10:00;35
89;3;18;02/09/2025;09:00;10:00;50
90;3;18;04/09/2025;09:00;10:00;50
91;3;18;07/09/2025;09:00;10:00;50
92;3;18;09/09/2025;09:00;10:00;50
93;3;18;11/09/2025;09:00;10:00;50
94;3;18;14/09/2025;09:00;10:00;50
95;3;18;16/09/2025;09:00;10:00;50
96;3;18;18/09/2025;09:00;10:00;50
97;3;18;21/09/2025;09:00;10:00;50
98;3;18;23/09/2025;09:00;10:00;50
99;3;18;25/09/2025;09:00;10:00;50
100;3;18;28/09/2025;09:00;10:00;50
101;3;18;30/09/2025;09:00;10:00;50
102;3;18;02/10/2025;09:00;10:00;50
103;3;18;05/10/2025;09:00;10:00;50
104;3;18;07/10/2025;09:00;10:00;50
105;3;18;09/10/2025;09:00;10:00;50
106;3;18;12/10/2025;09:00;10:00;50
107;3;18;14/10/2025;09:00;10:00;50
108;3;18;16/10/2025;09:00;10:00;50
109;3;18;19/10/2025;09:00;10:00;50
110;3;18;21/10/2025;09:00;10:00;50
111;3;18;23/10/2025;09:00;10:00;50
112;3;18;26/10/2025;09:00;10:00;50
113;3;18;28/10/2025;09:00;10:00;50
114;3;18;30/10/2025;09:00;10:00;50
115;3;18;02/11/2025;09:00;10:00;50
116;3;18;04/11/2025;09:00;10:00;50
117;3;18;06/11/2025;09:00;10:00;50
118;3;18;09/11/2025;09:00;10:00;50
119;3;18;11/11/2025;09:00;10:00;50
120;3;18;13/11/2025;09:00;10:00;50
121;3;18;16/11/2025;09:00;10:00;50
122;3;18;18/11/2025;09:00;10:00;50
123;3;18;20/11/2025;09:00;10:00;50
124;3;18;23/11/2025;09:00;10:00;50
125;3;18;25/11/2025;09:00;10:00;50
126;3;18;27/11/2025;09:00;10:00;50
127;3;18;30/11/2025;09:00;10:00;50
128;3;18;02/12/2025;09:00;10:00;50
129;3;18;04/12/2025;09:00;10:00;50
130;3;18;07/12/2025;09:00;10:00;50
131;3;18;09/12/2025;09:00;10:00;50
132;3;18;11/12/2025;09:00;10:00;50
133;3;18;14/12/2025;09:00;10:00;50
134;3;18;16/12/2025;09:00;10:00;50
135;3;18;31/12/2025;09:00;10:00;50
136;3;18;31/12/2025;09:00;10:00;50
137;3;18;31/12/2025;09:00;10:00;50
138;3;18;25/12/2025;09:00;10:00;50
139;3;18;28/12/2025;09:00;10:00;50
140;3;18;30/12/2025;09:00;10:00;50
141;4;18;01/09/2025;10:00;12:00;50
142;4;18;03/09/2025;10:00;12:00;50
143;4;18;08/09/2025;10:00;12:00;50
144;4;18;10/09/2025;10:00;12:00;50
145;4;18;15/09/2025;10:00;12:00;50
146;4;18;17/09/2025;10:00;12:00;50
147;4;18;22/09/2025;10:00;12:00;50
148;4;18;24/09/2025;10:00;12:00;50
149;4;18;29/09/2025;10:00;12:00;50
150;4;18;01/10/2025;10:00;12:00;50
151;4;18;06/10/2025;10:00;12:00;50
152;4;18;08/10/2025;10:00;12:00;50
153;4;18;13/10/2025;10:00;12:00;50
154;4;18;15/10/2025;10:00;12:00;50
155;4;18;20/10/2025;10:00;12:00;50
156;4;18;22/10/2025;10:00;12:00;50
157;4;18;27/10/2025;10:00;12:00;50
158;4;18;29/10/2025;10:00;12:00;50
159;4;18;03/11/2025;10:00;12:00;50
160;4;18;05/11/2025;10:00;12:00;50
161;4;18;10/11/2025;10:00;12:00;50
162;4;18;12/11/2025;10:00;12:00;50
163;4;18;17/11/2025;10:00;12:00;50
164;4;18;19/11/2025;10:00;12:00;50
165;4;18;24/11/2025;10:00;12:00;50
166;4;18;26/11/2025;10:00;12:00;50
167;4;18;01/12/2025;10:00;12:00;50
168;4;18;03/12/2025;10:00;12:00;50
169;4;18;08/12/2025;10:00;12:00;50
170;4;18;10/12/2025;10:00;12:00;50
171;4;18;15/12/2025;10:00;12:00;50
172;4;18;17/12/2025;10:00;12:00;50
173;4;18;22/12/2025;10:00;12:00;50
174;4;18;24/12/2025;10:00;12:00;50
175;4;18;29/12/2025;10:00;12:00;50
176;4;18;31/12/2025;10:00;12:00;50
177;5;8;02/09/2025;14:00;15:00;55
178;5;8;04/09/2025;14:00;15:00;55
179;5;8;07/09/2025;14:00;15:00;55
180;5;8;09/09/2025;14:00;15:00;55
181;5;8;11/09/2025;14:00;15:00;55
182;5;8;14/09/2025;14:00;15:00;55
183;5;8;16/09/2025;14:00;15:00;55
184;5;8;18/09/2025;14:00;15:00;55
185;5;8;21/09/2025;14:00;15:00;55
186;5;8;23/09/2025;14:00;15:00;55
187;5;8;25/09/2025;14:00;15:00;55
188;5;8;28/09/2025;14:00;15:00;55
189;5;8;30/09/2025;14:00;15:00;55
190;5;8;02/10/2025;14:00;15:00;55
191;5;8;05/10/2025;14:00;15:00;55
192;5;8;07/10/2025;14:00;15:00;55
193;5;8;09/10/2025;14:00;15:00;55
194;5;8;12/10/2025;14:00;15:00;55
195;5;8;14/10/2025;14:00;15:00;55
196;5;8;16/10/2025;14:00;15:00;55
197;5;8;19/10/2025;14:00;15:00;55
198;5;8;21/10/2025;14:00;15:00;55
199;5;8;23/10/2025;14:00;15:00;55
200;5;8;26/10/2025;14:00;15:00;55
201;5;8;28/10/2025;14:00;15:00;55
202;5;8;30/10/2025;14:00;15:00;55
203;5;8;02/11/2025;14:00;15:00;55
204;5;8;04/11/2025;14:00;15:00;55
205;5;8;06/11/2025;14:00;15:00;55
206;5;8;09/11/2025;14:00;15:00;55
207;5;8;11/11/2025;14:00;15:00;55
208;5;8;13/11/2025;14:00;15:00;55
209;5;8;16/11/2025;14:00;15:00;55
210;5;8;18/11/2025;14:00;15:00;55
211;5;8;20/11/2025;14:00;15:00;55
212;5;8;23/11/2025;14:00;15:00;55
213;5;8;25/11/2025;14:00;15:00;55
214;5;8;27/11/2025;14:00;15:00;55
215;5;8;30/11/2025;14:00;15:00;55
216;5;8;02/12/2025;14:00;15:00;55
217;5;8;04/12/2025;14:00;15:00;55
218;5;8;07/12/2025;14:00;15:00;55
219;5;8;09/12/2025;14:00;15:00;55
220;5;8;11/12/2025;14:00;15:00;55
221;5;8;14/12/2025;14:00;15:00;55
222;5;8;16/12/2025;14:00;15:00;55
223;5;8;18/12/2025;14:00;15:00;55
224;5;8;21/12/2025;14:00;15:00;55
225;5;8;23/12/2025;14:00;15:00;55
226;5;8;25/12/2025;14:00;15:00;55
227;5;8;28/12/2025;14:00;15:00;55
228;5;8;30/12/2025;14:00;15:00;55
229;6;8;01/09/2025;14:00;16:00;55
230;6;8;03/09/2025;14:00;16:00;55
231;6;8;08/09/2025;14:00;16:00;55
232;6;8;10/09/2025;14:00;16:00;55
233;6;8;15/09/2025;14:00;16:00;55
234;6;8;17/09/2025;14:00;16:00;55
235;6;8;22/09/2025;14:00;16:00;55
236;6;8;24/09/2025;14:00;16:00;55
237;6;8;29/09/2025;14:00;16:00;55
238;6;8;01/10/2025;14:00;16:00;55
239;6;8;06/10/2025;14:00;16:00;55
240;6;8;08/10/2025;14:00;16:00;55
241;6;8;13/10/2025;14:00;16:00;55
242;6;8;15/10/2025;14:00;16:00;55
243;6;8;20/10/2025;14:00;16:00;55
244;6;8;22/10/2025;14:00;16:00;55
245;6;8;27/10/2025;14:00;16:00;55
246;6;8;29/10/2025;14:00;16:00;55
247;6;8;03/11/2025;14:00;16:00;55
248;6;8;05/11/2025;14:00;16:00;55
249;6;8;10/11/2025;14:00;16:00;55
250;6;8;12/11/2025;14:00;16:00;55
251;6;8;17/11/2025;14:00;16:00;55
252;6;8;19/11/2025;14:00;16:00;55
253;6;8;24/11/2025;14:00;16:00;55
254;6;8;26/11/2025;14:00;16:00;55
255;6;8;01/12/2025;14:00;16:00;55
256;6;8;03/12/2025;14:00;16:00;55
257;6;8;08/12/2025;14:00;16:00;55
258;6;8;10/12/2025;14:00;16:00;55
259;6;8;15/12/2025;14:00;16:00;55
260;6;8;17/12/2025;14:00;16:00;55
261;6;8;22/12/2025;14:00;16:00;55
262;6;8;24/12/2025;14:00;16:00;55
263;6;8;29/12/2025;14:00;16:00;55
264;6;8;31/12/2025;14:00;16:00;55
265;7;83;02/09/2025;13:00;14:00;40
266;7;83;04/09/2025;13:00;14:00;40
267;7;83;07/09/2025;13:00;14:00;40
268;7;83;09/09/2025;13:00;14:00;40
269;7;83;11/09/2025;13:00;14:00;40
270;7;83;14/09/2025;13:00;14:00;40
271;7;83;16/09/2025;13:00;14:00;40
272;7;83;18/09/2025;13:00;14:00;40
273;7;83;21/09/2025;13:00;14:00;40
274;7;83;23/09/2025;13:00;14:00;40
275;7;83;25/09/2025;13:00;14:00;40
276;7;83;28/09/2025;13:00;14:00;40
277;7;83;30/09/2025;13:00;14:00;40
278;7;83;02/10/2025;13:00;14:00;40
279;7;83;05/10/2025;13:00;14:00;40
280;7;83;07/10/2025;13:00;14:00;40
281;7;83;09/10/2025;13:00;14:00;40
282;7;83;12/10/2025;13:00;14:00;40
283;7;83;14/10/2025;13:00;14:00;40
284;7;83;16/10/2025;13:00;14:00;40
285;7;83;19/10/2025;13:00;14:00;40
286;7;83;21/10/2025;13:00;14:00;40
287;7;83;23/10/2025;13:00;14:00;40
288;7;83;26/10/2025;13:00;14:00;40
289;7;83;28/10/2025;13:00;14:00;40
290;7;83;30/10/2025;13:00;14:00;40
291;7;83;02/11/2025;13:00;14:00;40
292;7;83;04/11/2025;13:00;14:00;40
293;7;83;06/11/2025;13:00;14:00;40
294;7;83;09/11/2025;13:00;14:00;40
295;7;83;11/11/2025;13:00;14:00;40
296;7;83;13/11/2025;13:00;14:00;40
297;7;83;16/11/2025;13:00;14:00;40
298;7;83;18/11/2025;13:00;14:00;40
299;7;83;20/11/2025;13:00;14:00;40
300;7;83;23/11/2025;13:00;14:00;40
301;7;83;25/11/2025;13:00;14:00;40
302;7;83;27/11/2025;13:00;14:00;40
303;7;83;30/11/2025;13:00;14:00;40
304;7;83;02/12/2025;13:00;14:00;40
305;7;83;04/12/2025;13:00;14:00;40
306;7;83;07/12/2025;13:00;14:00;40
307;7;83;09/12/2025;13:00;14:00;40
308;7;83;11/12/2025;13:00;14:00;40
309;7;83;14/12/2025;13:00;14:00;40
310;7;83;16/12/2025;13:00;14:00;40
311;7;83;18/12/2025;13:00;14:00;40
312;7;83;21/12/2025;13:00;14:00;40
313;7;83;23/12/2025;13:00;14:00;40
314;7;83;25/12/2025;13:00;14:00;40
315;7;83;28/12/2025;13:00;14:00;40
316;7;83;30/12/2025;13:00;14:00;40
317;8;83;01/09/2025;08:00;10:00;40
318;8;83;03/09/2025;08:00;10:00;40
319;8;83;08/09/2025;08:00;10:00;40
320;8;83;10/09/2025;08:00;10:00;40
321;8;83;15/09/2025;08:00;10:00;40
322;8;83;17/09/2025;08:00;10:00;40
323;8;83;22/09/2025;08:00;10:00;40
324;8;83;24/09/2025;08:00;10:00;40
325;8;83;29/09/2025;08:00;10:00;40
326;8;83;01/10/2025;08:00;10:00;40
327;8;83;06/10/2025;08:00;10:00;40
328;8;83;08/10/2025;08:00;10:00;40
329;8;83;13/10/2025;08:00;10:00;40
330;8;83;15/10/2025;08:00;10:00;40
331;8;83;20/10/2025;08:00;10:00;40
332;8;83;22/10/2025;08:00;10:00;40
333;8;83;27/10/2025;08:00;10:00;40
334;8;83;29/10/2025;08:00;10:00;40
335;8;83;03/11/2025;08:00;10:00;40
336;8;83;05/11/2025;08:00;10:00;40
337;8;83;10/11/2025;08:00;10:00;40
338;8;83;12/11/2025;08:00;10:00;40
339;8;83;17/11/2025;08:00;10:00;40
340;8;83;19/11/2025;08:00;10:00;40
341;8;83;24/11/2025;08:00;10:00;40
342;8;83;26/11/2025;08:00;10:00;40
343;8;83;01/12/2025;08:00;10:00;40
344;8;83;03/12/2025;08:00;10:00;40
345;8;83;08/12/2025;08:00;10:00;40
346;8;83;10/12/2025;08:00;10:00;40
347;8;83;15/12/2025;08:00;10:00;40
348;8;83;17/12/2025;08:00;10:00;40
349;8;83;22/12/2025;08:00;10:00;40
350;8;83;24/12/2025;08:00;10:00;40
351;8;83;29/12/2025;08:00;10:00;40
352;8;83;31/12/2025;08:00;10:00;40
353;9;31;02/09/2025;11:00;12:00;35
354;9;31;04/09/2025;11:00;12:00;35
355;9;31;07/09/2025;11:00;12:00;35
356;9;31;09/09/2025;11:00;12:00;35
357;9;31;11/09/2025;11:00;12:00;35
358;9;31;14/09/2025;11:00;12:00;35
359;9;31;16/09/2025;11:00;12:00;35
360;9;31;18/09/2025;11:00;12:00;35
361;9;31;21/09/2025;11:00;12:00;35
362;9;31;23/09/2025;11:00;12:00;35
363;9;31;25/09/2025;11:00;12:00;35
364;9;31;28/09/2025;11:00;12:00;35
365;9;31;30/09/2025;11:00;12:00;35
366;9;31;02/10/2025;11:00;12:00;35
367;9;31;05/10/2025;11:00;12:00;35
368;9;31;07/10/2025;11:00;12:00;35
369;9;31;09/10/2025;11:00;12:00;35
370;9;31;12/10/2025;11:00;12:00;35
371;9;31;14/10/2025;11:00;12:00;35
372;9;31;16/10/2025;11:00;12:00;35
373;9;31;19/10/2025;11:00;12:00;35
374;9;31;21/10/2025;11:00;12:00;35
375;9;31;23/10/2025;11:00;12:00;35
376;9;31;26/10/2025;11:00;12:00;35
377;9;31;28/10/2025;11:00;12:00;35
378;9;31;30/10/2025;11:00;12:00;35
379;9;31;02/11/2025;11:00;12:00;35
380;9;31;04/11/2025;11:00;12:00;35
381;9;31;06/11/2025;11:00;12:00;35
382;9;31;09/11/2025;11:00;12:00;35
383;9;31;11/11/2025;11:00;12:00;35
384;9;31;13/11/2025;11:00;12:00;35
385;9;31;16/11/2025;11:00;12:00;35
386;9;31;18/11/2025;11:00;12:00;35
387;9;31;20/11/2025;11:00;12:00;35
388;9;31;23/11/2025;11:00;12:00;35
389;9;31;25/11/2025;11:00;12:00;35
390;9;31;27/11/2025;11:00;12:00;35
391;9;31;30/11/2025;11:00;12:00;35
392;9;31;02/12/2025;11:00;12:00;35
393;9;31;04/12/2025;11:00;12:00;35
394;9;31;07/12/2025;11:00;12:00;35
395;9;31;09/12/2025;11:00;12:00;35
396;9;31;11/12/2025;11:00;12:00;35
397;9;31;14/12/2025;11:00;12:00;35
398;9;31;16/12/2025;11:00;12:00;35
399;9;31;18/12/2025;11:00;12:00;35
400;9;31;21/12/2025;11:00;12:00;35
401;9;31;23/12/2025;11:00;12:00;35
402;9;31;25/12/2025;11:00;12:00;35
403;9;31;28/12/2025;11:00;12:00;35
404;9;31;30/12/2025;11:00;12:00;35
405;10;31;01/09/2025;14:00;16:00;35
406;10;31;03/09/2025;14:00;16:00;35
407;10;31;08/09/2025;14:00;16:00;35
408;10;31;10/09/2025;14:00;16:00;35
409;10;31;15/09/2025;14:00;16:00;35
410;10;31;17/09/2025;14:00;16:00;35
411;10;31;22/09/2025;14:00;16:00;35
412;10;31;24/09/2025;14:00;16:00;35
413;10;31;29/09/2025;14:00;16:00;35
414;10;31;01/10/2025;14:00;16:00;35
415;10;31;06/10/2025;14:00;16:00;35
416;10;31;08/10/2025;14:00;16:00;35
417;10;31;13/10/2025;14:00;16:00;35
418;10;31;15/10/2025;14:00;16:00;35
419;10;31;20/10/2025;14:00;16:00;35
420;10;31;22/10/2025;14:00;16:00;35
421;10;31;27/10/2025;14:00;16:00;35
422;10;31;29/10/2025;14:00;16:00;35
423;10;31;03/11/2025;14:00;16:00;35
424;10;31;05/11/2025;14:00;16:00;35
425;10;31;10/11/2025;14:00;16:00;35
426;10;31;12/11/2025;14:00;16:00;35
427;10;31;17/11/2025;14:00;16:00;35
428;10;31;19/11/2025;14:00;16:00;35
429;10;31;24/11/2025;14:00;16:00;35
430;10;31;26/11/2025;14:00;16:00;35
431;10;31;01/12/2025;14:00;16:00;35
432;10;31;03/12/2025;14:00;16:00;35
433;10;31;08/12/2025;14:00;16:00;35
434;10;31;10/12/2025;14:00;16:00;35
435;10;31;15/12/2025;14:00;16:00;35
436;10;31;17/12/2025;14:00;16:00;35
437;10;31;22/12/2025;14:00;16:00;35
438;10;31;24/12/2025;14:00;16:00;35
439;10;31;29/12/2025;14:00;16:00;35
440;10;31;31/12/2025;14:00;16:00;35
441;11;45;02/09/2025;13:00;14:00;55
442;11;45;04/09/2025;13:00;14:00;55
443;11;45;07/09/2025;13:00;14:00;55
444;11;45;09/09/2025;13:00;14:00;55
445;11;45;11/09/2025;13:00;14:00;55
446;11;45;14/09/2025;13:00;14:00;55
447;11;45;16/09/2025;13:00;14:00;55
448;11;45;18/09/2025;13:00;14:00;55
449;11;45;21/09/2025;13:00;14:00;55
450;11;45;23/09/2025;13:00;14:00;55
451;11;45;25/09/2025;13:00;14:00;55
452;11;45;28/09/2025;13:00;14:00;55
453;11;45;30/09/2025;13:00;14:00;55
454;11;45;02/10/2025;13:00;14:00;55
455;11;45;05/10/2025;13:00;14:00;55
456;11;45;07/10/2025;13:00;14:00;55
457;11;45;09/10/2025;13:00;14:00;55
458;11;45;12/10/2025;13:00;14:00;55
459;11;45;14/10/2025;13:00;14:00;55
460;11;45;16/10/2025;13:00;14:00;55
461;11;45;19/10/2025;13:00;14:00;55
462;11;45;21/10/2025;13:00;14:00;55
463;11;45;23/10/2025;13:00;14:00;55
464;11;45;26/10/2025;13:00;14:00;55
465;11;45;28/10/2025;13:00;14:00;55
466;11;45;30/10/2025;13:00;14:00;55
467;11;45;02/11/2025;13:00;14:00;55
468;11;45;04/11/2025;13:00;14:00;55
469;11;45;06/11/2025;13:00;14:00;55
470;11;45;09/11/2025;13:00;14:00;55
471;11;45;11/11/2025;13:00;14:00;55
472;11;45;13/11/2025;13:00;14:00;55
473;11;45;16/11/2025;13:00;14:00;55
474;11;45;18/11/2025;13:00;14:00;55
475;11;45;20/11/2025;13:00;14:00;55
476;11;45;23/11/2025;13:00;14:00;55
477;11;45;25/11/2025;13:00;14:00;55
478;11;45;27/11/2025;13:00;14:00;55
479;11;45;30/11/2025;13:00;14:00;55
480;11;45;02/12/2025;13:00;14:00;55
481;11;45;04/12/2025;13:00;14:00;55
482;11;45;07/12/2025;13:00;14:00;55
483;11;45;09/12/2025;13:00;14:00;55
484;11;45;11/12/2025;13:00;14:00;55
485;11;45;14/12/2025;13:00;14:00;55
486;11;45;16/12/2025;13:00;14:00;55
487;11;45;18/12/2025;13:00;14:00;55
488;11;45;21/12/2025;13:00;14:00;55
489;11;45;23/12/2025;13:00;14:00;55
490;11;45;25/12/2025;13:00;14:00;55
491;11;45;28/12/2025;13:00;14:00;55
492;11;45;30/12/2025;13:00;14:00;55
493;12;45;01/09/2025;14:00;16:00;55
494;12;45;03/09/2025;14:00;16:00;55
495;12;45;08/09/2025;14:00;16:00;55
496;12;45;10/09/2025;14:00;16:00;55
497;12;45;15/09/2025;14:00;16:00;55
498;12;45;17/09/2025;14:00;16:00;55
499;12;45;22/09/2025;14:00;16:00;55
500;12;45;24/09/2025;14:00;16:00;55
501;12;45;29/09/2025;14:00;16:00;55
502;12;45;01/10/2025;14:00;16:00;55
503;12;45;06/10/2025;14:00;16:00;55
504;12;45;08/10/2025;14:00;16:00;55
505;12;45;13/10/2025;14:00;16:00;55
506;12;45;15/10/2025;14:00;16:00;55
507;12;45;20/10/2025;14:00;16:00;55
508;12;45;22/10/2025;14:00;16:00;55
509;12;45;27/10/2025;14:00;16:00;55
510;12;45;29/10/2025;14:00;16:00;55
511;12;45;03/11/2025;14:00;16:00;55
512;12;45;05/11/2025;14:00;16:00;55
513;12;45;10/11/2025;14:00;16:00;55
514;12;45;12/11/2025;14:00;16:00;55
515;12;45;17/11/2025;14:00;16:00;55
516;12;45;19/11/2025;14:00;16:00;55
517;12;45;24/11/2025;14:00;16:00;55
518;12;45;26/11/2025;14:00;16:00;55
519;12;45;01/12/2025;14:00;16:00;55
520;12;45;03/12/2025;14:00;16:00;55
521;12;45;08/12/2025;14:00;16:00;55
522;12;45;10/12/2025;14:00;16:00;55
523;12;45;15/12/2025;14:00;16:00;55
524;12;45;17/12/2025;14:00;16:00;55
525;12;45;22/12/2025;14:00;16:00;55
526;12;45;24/12/2025;14:00;16:00;55
527;12;45;29/12/2025;14:00;16:00;55
528;12;45;31/12/2025;14:00;16:00;55
529;13;59;02/09/2025;13:00;14:00;45
530;13;59;04/09/2025;13:00;14:00;45
531;13;59;07/09/2025;13:00;14:00;45
532;13;59;09/09/2025;13:00;14:00;45
533;13;59;11/09/2025;13:00;14:00;45
534;13;59;14/09/2025;13:00;14:00;45
535;13;59;16/09/2025;13:00;14:00;45
536;13;59;18/09/2025;13:00;14:00;45
537;13;59;21/09/2025;13:00;14:00;45
538;13;59;23/09/2025;13:00;14:00;45
539;13;59;25/09/2025;13:00;14:00;45
540;13;59;28/09/2025;13:00;14:00;45
541;13;59;30/09/2025;13:00;14:00;45
542;13;59;02/10/2025;13:00;14:00;45
543;13;59;05/10/2025;13:00;14:00;45
544;13;59;07/10/2025;13:00;14:00;45
545;13;59;09/10/2025;13:00;14:00;45
546;13;59;12/10/2025;13:00;14:00;45
547;13;59;14/10/2025;13:00;14:00;45
548;13;59;16/10/2025;13:00;14:00;45
549;13;59;19/10/2025;13:00;14:00;45
550;13;59;21/10/2025;13:00;14:00;45
551;13;59;23/10/2025;13:00;14:00;45
552;13;59;26/10/2025;13:00;14:00;45
553;13;59;28/10/2025;13:00;14:00;45
554;13;59;30/10/2025;13:00;14:00;45
555;13;59;02/11/2025;13:00;14:00;45
556;13;59;04/11/2025;13:00;14:00;45
557;13;59;06/11/2025;13:00;14:00;45
558;13;59;09/11/2025;13:00;14:00;45
559;13;59;11/11/2025;13:00;14:00;45
560;13;59;13/11/2025;13:00;14:00;45
561;13;59;16/11/2025;13:00;14:00;45
562;13;59;18/11/2025;13:00;14:00;45
563;13;59;20/11/2025;13:00;14:00;45
564;13;59;23/11/2025;13:00;14:00;45
565;13;59;25/11/2025;13:00;14:00;45
566;13;59;27/11/2025;13:00;14:00;45
567;13;59;30/11/2025;13:00;14:00;45
568;13;59;02/12/2025;13:00;14:00;45
569;13;59;04/12/2025;13:00;14:00;45
570;13;59;07/12/2025;13:00;14:00;45
571;13;59;09/12/2025;13:00;14:00;45
572;13;59;11/12/2025;13:00;14:00;45
573;13;59;14/12/2025;13:00;14:00;45
574;13;59;16/12/2025;13:00;14:00;45
575;13;59;18/12/2025;13:00;14:00;45
576;13;59;21/12/2025;13:00;14:00;45
577;13;59;23/12/2025;13:00;14:00;45
578;13;59;25/12/2025;13:00;14:00;45
579;13;59;28/12/2025;13:00;14:00;45
580;13;59;30/12/2025;13:00;14:00;45
581;14;59;01/09/2025;12:00;14:00;45
582;14;59;03/09/2025;12:00;14:00;45
583;14;59;08/09/2025;12:00;14:00;45
584;14;59;10/09/2025;12:00;14:00;45
585;14;59;15/09/2025;12:00;14:00;45
586;14;59;17/09/2025;12:00;14:00;45
587;14;59;22/09/2025;12:00;14:00;45
588;14;59;24/09/2025;12:00;14:00;45
589;14;59;29/09/2025;12:00;14:00;45
590;14;59;01/10/2025;12:00;14:00;45
591;14;59;06/10/2025;12:00;14:00;45
592;14;59;08/10/2025;12:00;14:00;45
593;14;59;13/10/2025;12:00;14:00;45
594;14;59;15/10/2025;12:00;14:00;45
595;14;59;20/10/2025;12:00;14:00;45
596;14;59;22/10/2025;12:00;14:00;45
597;14;59;27/10/2025;12:00;14:00;45
598;14;59;29/10/2025;12:00;14:00;45
599;14;59;03/11/2025;12:00;14:00;45
600;14;59;05/11/2025;12:00;14:00;45
601;14;59;10/11/2025;12:00;14:00;45
602;14;59;12/11/2025;12:00;14:00;45
603;14;59;17/11/2025;12:00;14:00;45
604;14;59;19/11/2025;12:00;14:00;45
605;14;59;24/11/2025;12:00;14:00;45
606;14;59;26/11/2025;12:00;14:00;45
607;14;59;01/12/2025;12:00;14:00;45
608;14;59;03/12/2025;12:00;14:00;45
609;14;59;08/12/2025;12:00;14:00;45
610;14;59;10/12/2025;12:00;14:00;45
611;14;59;15/12/2025;12:00;14:00;45
612;14;59;17/12/2025;12:00;14:00;45
613;14;59;22/12/2025;12:00;14:00;45
614;14;59;24/12/2025;12:00;14:00;45
615;14;59;29/12/2025;12:00;14:00;45
616;14;59;31/12/2025;12:00;14:00;45
617;15;51;02/09/2025;13:00;14:00;45
618;15;51;04/09/2025;13:00;14:00;45
619;15;51;07/09/2025;13:00;14:00;45
620;15;51;09/09/2025;13:00;14:00;45
621;15;51;11/09/2025;13:00;14:00;45
622;15;51;14/09/2025;13:00;14:00;45
623;15;51;16/09/2025;13:00;14:00;45
624;15;51;18/09/2025;13:00;14:00;45
625;15;51;21/09/2025;13:00;14:00;45
626;15;51;23/09/2025;13:00;14:00;45
627;15;51;25/09/2025;13:00;14:00;45
628;15;51;28/09/2025;13:00;14:00;45
629;15;51;30/09/2025;13:00;14:00;45
630;15;51;02/10/2025;13:00;14:00;45
631;15;51;05/10/2025;13:00;14:00;45
632;15;51;07/10/2025;13:00;14:00;45
633;15;51;09/10/2025;13:00;14:00;45
634;15;51;12/10/2025;13:00;14:00;45
635;15;51;14/10/2025;13:00;14:00;45
636;15;51;16/10/2025;13:00;14:00;45
637;15;51;19/10/2025;13:00;14:00;45
638;15;51;21/10/2025;13:00;14:00;45
639;15;51;23/10/2025;13:00;14:00;45
640;15;51;26/10/2025;13:00;14:00;45
641;15;51;28/10/2025;13:00;14:00;45
642;15;51;30/10/2025;13:00;14:00;45
643;15;51;02/11/2025;13:00;14:00;45
644;15;51;04/11/2025;13:00;14:00;45
645;15;51;06/11/2025;13:00;14:00;45
646;15;51;09/11/2025;13:00;14:00;45
647;15;51;11/11/2025;13:00;14:00;45
648;15;51;13/11/2025;13:00;14:00;45
649;15;51;16/11/2025;13:00;14:00;45
650;15;51;18/11/2025;13:00;14:00;45
651;15;51;20/11/2025;13:00;14:00;45
652;15;51;23/11/2025;13:00;14:00;45
653;15;51;25/11/2025;13:00;14:00;45
654;15;51;27/11/2025;13:00;14:00;45
655;15;51;30/11/2025;13:00;14:00;45
656;15;51;02/12/2025;13:00;14:00;45
657;15;51;04/12/2025;13:00;14:00;45
658;15;51;07/12/2025;13:00;14:00;45
659;15;51;09/12/2025;13:00;14:00;45
660;15;51;11/12/2025;13:00;14:00;45
661;15;51;14/12/2025;13:00;14:00;45
662;15;51;16/12/2025;13:00;14:00;45
663;15;51;18/12/2025;13:00;14:00;45
664;15;51;21/12/2025;13:00;14:00;45
665;15;51;23/12/2025;13:00;14:00;45
666;15;51;25/12/2025;13:00;14:00;45
667;15;51;28/12/2025;13:00;14:00;45
668;15;51;30/12/2025;13:00;14:00;45
669;16;51;01/09/2025;08:00;10:00;45
670;16;51;03/09/2025;08:00;10:00;45
671;16;51;08/09/2025;08:00;10:00;45
672;16;51;10/09/2025;08:00;10:00;45
673;16;51;15/09/2025;08:00;10:00;45
674;16;51;17/09/2025;08:00;10:00;45
675;16;51;22/09/2025;08:00;10:00;45
676;16;51;24/09/2025;08:00;10:00;45
677;16;51;29/09/2025;08:00;10:00;45
678;16;51;01/10/2025;08:00;10:00;45
679;16;51;06/10/2025;08:00;10:00;45
680;16;51;08/10/2025;08:00;10:00;45
681;16;51;13/10/2025;08:00;10:00;45
682;16;51;15/10/2025;08:00;10:00;45
683;16;51;20/10/2025;08:00;10:00;45
684;16;51;22/10/2025;08:00;10:00;45
685;16;51;27/10/2025;08:00;10:00;45
686;16;51;29/10/2025;08:00;10:00;45
687;16;51;03/11/2025;08:00;10:00;45
688;16;51;05/11/2025;08:00;10:00;45
689;16;51;10/11/2025;08:00;10:00;45
690;16;51;12/11/2025;08:00;10:00;45
691;16;51;17/11/2025;08:00;10:00;45
692;16;51;19/11/2025;08:00;10:00;45
693;16;51;24/11/2025;08:00;10:00;45
694;16;51;26/11/2025;08:00;10:00;45
695;16;51;01/12/2025;08:00;10:00;45
696;16;51;03/12/2025;08:00;10:00;45
697;16;51;08/12/2025;08:00;10:00;45
698;16;51;10/12/2025;08:00;10:00;45
699;16;51;15/12/2025;08:00;10:00;45
700;16;51;17/12/2025;08:00;10:00;45
701;16;51;22/12/2025;08:00;10:00;45
702;16;51;24/12/2025;08:00;10:00;45
703;16;51;29/12/2025;08:00;10:00;45
704;16;51;31/12/2025;08:00;10:00;45
705;17;79;02/09/2025;14:00;15:00;55
706;17;79;04/09/2025;14:00;15:00;55
707;17;79;07/09/2025;14:00;15:00;55
708;17;79;09/09/2025;14:00;15:00;55
709;17;79;11/09/2025;14:00;15:00;55
710;17;79;14/09/2025;14:00;15:00;55
711;17;79;16/09/2025;14:00;15:00;55
712;17;79;18/09/2025;14:00;15:00;55
713;17;79;21/09/2025;14:00;15:00;55
714;17;79;23/09/2025;14:00;15:00;55
715;17;79;25/09/2025;14:00;15:00;55
716;17;79;28/09/2025;14:00;15:00;55
717;17;79;30/09/2025;14:00;15:00;55
718;17;79;02/10/2025;14:00;15:00;55
719;17;79;05/10/2025;14:00;15:00;55
720;17;79;07/10/2025;14:00;15:00;55
721;17;79;09/10/2025;14:00;15:00;55
722;17;79;12/10/2025;14:00;15:00;55
723;17;79;14/10/2025;14:00;15:00;55
724;17;79;16/10/2025;14:00;15:00;55
725;17;79;19/10/2025;14:00;15:00;55
726;17;79;21/10/2025;14:00;15:00;55
727;17;79;23/10/2025;14:00;15:00;55
728;17;79;26/10/2025;14:00;15:00;55
729;17;79;28/10/2025;14:00;15:00;55
730;17;79;30/10/2025;14:00;15:00;55
731;17;79;02/11/2025;14:00;15:00;55
732;17;79;04/11/2025;14:00;15:00;55
733;17;79;06/11/2025;14:00;15:00;55
734;17;79;09/11/2025;14:00;15:00;55
735;17;79;11/11/2025;14:00;15:00;55
736;17;79;13/11/2025;14:00;15:00;55
737;17;79;16/11/2025;14:00;15:00;55
738;17;79;18/11/2025;14:00;15:00;55
739;17;79;20/11/2025;14:00;15:00;55
740;17;79;23/11/2025;14:00;15:00;55
741;17;79;25/11/2025;14:00;15:00;55
742;17;79;27/11/2025;14:00;15:00;55
743;17;79;30/11/2025;14:00;15:00;55
744;17;79;02/12/2025;14:00;15:00;55
745;17;79;04/12/2025;14:00;15:00;55
746;17;79;07/12/2025;14:00;15:00;55
747;17;79;09/12/2025;14:00;15:00;55
748;17;79;11/12/2025;14:00;15:00;55
749;17;79;14/12/2025;14:00;15:00;55
750;17;79;16/12/2025;14:00;15:00;55
751;17;79;18/12/2025;14:00;15:00;55
752;17;79;21/12/2025;14:00;15:00;55
753;17;79;23/12/2025;14:00;15:00;55
754;17;79;25/12/2025;14:00;15:00;55
755;17;79;28/12/2025;14:00;15:00;55
756;17;79;30/12/2025;14:00;15:00;55
757;18;79;01/09/2025;08:00;10:00;55
758;18;79;03/09/2025;08:00;10:00;55
759;18;79;08/09/2025;08:00;10:00;55
760;18;79;10/09/2025;08:00;10:00;55
761;18;79;15/09/2025;08:00;10:00;55
762;18;79;17/09/2025;08:00;10:00;55
763;18;79;22/09/2025;08:00;10:00;55
764;18;79;24/09/2025;08:00;10:00;55
765;18;79;29/09/2025;08:00;10:00;55
766;18;79;01/10/2025;08:00;10:00;55
767;18;79;06/10/2025;08:00;10:00;55
768;18;79;08/10/2025;08:00;10:00;55
769;18;79;13/10/2025;08:00;10:00;55
770;18;79;15/10/2025;08:00;10:00;55
771;18;79;20/10/2025;08:00;10:00;55
772;18;79;22/10/2025;08:00;10:00;55
773;18;79;27/10/2025;08:00;10:00;55
774;18;79;29/10/2025;08:00;10:00;55
775;18;79;03/11/2025;08:00;10:00;55
776;18;79;05/11/2025;08:00;10:00;55
777;18;79;10/11/2025;08:00;10:00;55
778;18;79;12/11/2025;08:00;10:00;55
779;18;79;17/11/2025;08:00;10:00;55
780;18;79;19/11/2025;08:00;10:00;55
781;18;79;24/11/2025;08:00;10:00;55
782;18;79;26/11/2025;08:00;10:00;55
783;18;79;01/12/2025;08:00;10:00;55
784;18;79;03/12/2025;08:00;10:00;55
785;18;79;08/12/2025;08:00;10:00;55
786;18;79;10/12/2025;08:00;10:00;55
787;18;79;15/12/2025;08:00;10:00;55
788;18;79;17/12/2025;08:00;10:00;55
789;18;79;22/12/2025;08:00;10:00;55
790;18;79;24/12/2025;08:00;10:00;55
791;18;79;29/12/2025;08:00;10:00;55
792;18;79;31/12/2025;08:00;10:00;55
793;19;88;02/09/2025;14:00;15:00;45
794;19;88;04/09/2025;14:00;15:00;45
795;19;88;07/09/2025;14:00;15:00;45
796;19;88;09/09/2025;14:00;15:00;45
797;19;88;11/09/2025;14:00;15:00;45
798;19;88;14/09/2025;14:00;15:00;45
799;19;88;16/09/2025;14:00;15:00;45
800;19;88;18/09/2025;14:00;15:00;45
801;19;88;21/09/2025;14:00;15:00;45
802;19;88;23/09/2025;14:00;15:00;45
803;19;88;25/09/2025;14:00;15:00;45
804;19;88;28/09/2025;14:00;15:00;45
805;19;88;30/09/2025;14:00;15:00;45
806;19;88;02/10/2025;14:00;15:00;45
807;19;88;05/10/2025;14:00;15:00;45
808;19;88;07/10/2025;14:00;15:00;45
809;19;88;09/10/2025;14:00;15:00;45
810;19;88;12/10/2025;14:00;15:00;45
811;19;88;14/10/2025;14:00;15:00;45
812;19;88;16/10/2025;14:00;15:00;45
813;19;88;19/10/2025;14:00;15:00;45
814;19;88;21/10/2025;14:00;15:00;45
815;19;88;23/10/2025;14:00;15:00;45
816;19;88;26/10/2025;14:00;15:00;45
817;19;88;28/10/2025;14:00;15:00;45
818;19;88;30/10/2025;14:00;15:00;45
819;19;88;02/11/2025;14:00;15:00;45
820;19;88;04/11/2025;14:00;15:00;45
821;19;88;06/11/2025;14:00;15:00;45
822;19;88;09/11/2025;14:00;15:00;45
823;19;88;11/11/2025;14:00;15:00;45
824;19;88;13/11/2025;14:00;15:00;45
825;19;88;16/11/2025;14:00;15:00;45
826;19;88;18/11/2025;14:00;15:00;45
827;19;88;20/11/2025;14:00;15:00;45
828;19;88;23/11/2025;14:00;15:00;45
829;19;88;25/11/2025;14:00;15:00;45
830;19;88;27/11/2025;14:00;15:00;45
831;19;88;30/11/2025;14:00;15:00;45
832;19;88;02/12/2025;14:00;15:00;45
833;19;88;04/12/2025;14:00;15:00;45
834;19;88;07/12/2025;14:00;15:00;45
835;19;88;09/12/2025;14:00;15:00;45
836;19;88;11/12/2025;14:00;15:00;45
837;19;88;14/12/2025;14:00;15:00;45
838;19;88;16/12/2025;14:00;15:00;45
839;19;88;18/12/2025;14:00;15:00;45
840;19;88;21/12/2025;14:00;15:00;45
841;19;88;23/12/2025;14:00;15:00;45
842;19;88;25/12/2025;14:00;15:00;45
843;19;88;28/12/2025;14:00;15:00;45
844;19;88;30/12/2025;14:00;15:00;45
845;20;88;01/09/2025;12:00;14:00;45
846;20;88;03/09/2025;12:00;14:00;45
847;20;88;08/09/2025;12:00;14:00;45
848;20;88;10/09/2025;12:00;14:00;45
849;20;88;15/09/2025;12:00;14:00;45
850;20;88;17/09/2025;12:00;14:00;45
851;20;88;22/09/2025;12:00;14:00;45
852;20;88;24/09/2025;12:00;14:00;45
853;20;88;29/09/2025;12:00;14:00;45
854;20;88;01/10/2025;12:00;14:00;45
855;20;88;06/10/2025;12:00;14:00;45
856;20;88;08/10/2025;12:00;14:00;45
857;20;88;13/10/2025;12:00;14:00;45
858;20;88;15/10/2025;12:00;14:00;45
859;20;88;20/10/2025;12:00;14:00;45
860;20;88;22/10/2025;12:00;14:00;45
861;20;88;27/10/2025;12:00;14:00;45
862;20;88;29/10/2025;12:00;14:00;45
863;20;88;03/11/2025;12:00;14:00;45
864;20;88;05/11/2025;12:00;14:00;45
865;20;88;10/11/2025;12:00;14:00;45
866;20;88;12/11/2025;12:00;14:00;45
867;20;88;17/11/2025;12:00;14:00;45
868;20;88;19/11/2025;12:00;14:00;45
869;20;88;24/11/2025;12:00;14:00;45
870;20;88;26/11/2025;12:00;14:00;45
871;20;88;01/12/2025;12:00;14:00;45
872;20;88;03/12/2025;12:00;14:00;45
873;20;88;08/12/2025;12:00;14:00;45
874;20;88;10/12/2025;12:00;14:00;45
875;20;88;15/12/2025;12:00;14:00;45
876;20;88;17/12/2025;12:00;14:00;45
877;20;88;22/12/2025;12:00;14:00;45
878;20;88;24/12/2025;12:00;14:00;45
879;20;88;29/12/2025;12:00;14:00;45
880;20;88;31/12/2025;12:00;14:00;45
881;21;46;02/09/2025;14:00;15:00;35
882;21;46;04/09/2025;14:00;15:00;35
883;21;46;07/09/2025;14:00;15:00;35
884;21;46;09/09/2025;14:00;15:00;35
885;21;46;11/09/2025;14:00;15:00;35
886;21;46;14/09/2025;14:00;15:00;35
887;21;46;16/09/2025;14:00;15:00;35
888;21;46;18/09/2025;14:00;15:00;35
889;21;46;21/09/2025;14:00;15:00;35
890;21;46;23/09/2025;14:00;15:00;35
891;21;46;25/09/2025;14:00;15:00;35
892;21;46;28/09/2025;14:00;15:00;35
893;21;46;30/09/2025;14:00;15:00;35
894;21;46;02/10/2025;14:00;15:00;35
895;21;46;05/10/2025;14:00;15:00;35
896;21;46;07/10/2025;14:00;15:00;35
897;21;46;09/10/2025;14:00;15:00;35
898;21;46;12/10/2025;14:00;15:00;35
899;21;46;14/10/2025;14:00;15:00;35
900;21;46;16/10/2025;14:00;15:00;35
901;21;46;19/10/2025;14:00;15:00;35
902;21;46;21/10/2025;14:00;15:00;35
903;21;46;23/10/2025;14:00;15:00;35
904;21;46;26/10/2025;14:00;15:00;35
905;21;46;28/10/2025;14:00;15:00;35
906;21;46;30/10/2025;14:00;15:00;35
907;21;46;02/11/2025;14:00;15:00;35
908;21;46;04/11/2025;14:00;15:00;35
909;21;46;06/11/2025;14:00;15:00;35
910;21;46;09/11/2025;14:00;15:00;35
911;21;46;11/11/2025;14:00;15:00;35
912;21;46;13/11/2025;14:00;15:00;35
913;21;46;16/11/2025;14:00;15:00;35
914;21;46;18/11/2025;14:00;15:00;35
915;21;46;20/11/2025;14:00;15:00;35
916;21;46;23/11/2025;14:00;15:00;35
917;21;46;25/11/2025;14:00;15:00;35
918;21;46;27/11/2025;14:00;15:00;35
919;21;46;30/11/2025;14:00;15:00;35
920;21;46;02/12/2025;14:00;15:00;35
921;21;46;04/12/2025;14:00;15:00;35
922;21;46;07/12/2025;14:00;15:00;35
923;21;46;09/12/2025;14:00;15:00;35
924;21;46;11/12/2025;14:00;15:00;35
925;21;46;14/12/2025;14:00;15:00;35
926;21;46;16/12/2025;14:00;15:00;35
927;21;46;18/12/2025;14:00;15:00;35
928;21;46;21/12/2025;14:00;15:00;35
929;21;46;23/12/2025;14:00;15:00;35
930;21;46;25/12/2025;14:00;15:00;35
931;21;46;28/12/2025;14:00;15:00;35
932;21;46;30/12/2025;14:00;15:00;35
933;22;46;01/09/2025;12:00;14:00;35
934;22;46;03/09/2025;12:00;14:00;35
935;22;46;08/09/2025;12:00;14:00;35
936;22;46;10/09/2025;12:00;14:00;35
937;22;46;15/09/2025;12:00;14:00;35
938;22;46;17/09/2025;12:00;14:00;35
939;22;46;22/09/2025;12:00;14:00;35
940;22;46;24/09/2025;12:00;14:00;35
941;22;46;29/09/2025;12:00;14:00;35
942;22;46;01/10/2025;12:00;14:00;35
943;22;46;06/10/2025;12:00;14:00;35
944;22;46;08/10/2025;12:00;14:00;35
945;22;46;13/10/2025;12:00;14:00;35
946;22;46;15/10/2025;12:00;14:00;35
947;22;46;20/10/2025;12:00;14:00;35
948;22;46;22/10/2025;12:00;14:00;35
949;22;46;27/10/2025;12:00;14:00;35
950;22;46;29/10/2025;12:00;14:00;35
951;22;46;03/11/2025;12:00;14:00;35
952;22;46;05/11/2025;12:00;14:00;35
953;22;46;10/11/2025;12:00;14:00;35
954;22;46;12/11/2025;12:00;14:00;35
955;22;46;17/11/2025;12:00;14:00;35
956;22;46;19/11/2025;12:00;14:00;35
957;22;46;24/11/2025;12:00;14:00;35
958;22;46;26/11/2025;12:00;14:00;35
959;22;46;01/12/2025;12:00;14:00;35
960;22;46;03/12/2025;12:00;14:00;35
961;22;46;08/12/2025;12:00;14:00;35
962;22;46;10/12/2025;12:00;14:00;35
963;22;46;15/12/2025;12:00;14:00;35
964;22;46;17/12/2025;12:00;14:00;35
965;22;46;22/12/2025;12:00;14:00;35
966;22;46;24/12/2025;12:00;14:00;35
967;22;46;29/12/2025;12:00;14:00;35
968;22;46;31/12/2025;12:00;14:00;35
969;23;26;02/09/2025;08:00;09:00;40
970;23;26;04/09/2025;08:00;09:00;40
971;23;26;07/09/2025;08:00;09:00;40
972;23;26;09/09/2025;08:00;09:00;40
973;23;26;11/09/2025;08:00;09:00;40
974;23;26;14/09/2025;08:00;09:00;40
975;23;26;16/09/2025;08:00;09:00;40
976;23;26;18/09/2025;08:00;09:00;40
977;23;26;21/09/2025;08:00;09:00;40
978;23;26;23/09/2025;08:00;09:00;40
979;23;26;25/09/2025;08:00;09:00;40
980;23;26;28/09/2025;08:00;09:00;40
981;23;26;30/09/2025;08:00;09:00;40
982;23;26;02/10/2025;08:00;09:00;40
983;23;26;05/10/2025;08:00;09:00;40
984;23;26;07/10/2025;08:00;09:00;40
985;23;26;09/10/2025;08:00;09:00;40
986;23;26;12/10/2025;08:00;09:00;40
987;23;26;14/10/2025;08:00;09:00;40
988;23;26;16/10/2025;08:00;09:00;40
989;23;26;19/10/2025;08:00;09:00;40
990;23;26;21/10/2025;08:00;09:00;40
991;23;26;23/10/2025;08:00;09:00;40
992;23;26;26/10/2025;08:00;09:00;40
993;23;26;28/10/2025;08:00;09:00;40
994;23;26;30/10/2025;08:00;09:00;40
995;23;26;02/11/2025;08:00;09:00;40
996;23;26;04/11/2025;08:00;09:00;40
997;23;26;06/11/2025;08:00;09:00;40
998;23;26;09/11/2025;08:00;09:00;40
999;23;26;11/11/2025;08:00;09:00;40
1000;23;26;13/11/2025;08:00;09:00;40
1001;;78;15/11/2025;11:00;13:00;60
