OneTimeID;ProfessorID;ClassroomID;Date;StartTime;EndTime;NumOfStudents;BookingType
1;1;16;31/12/2025;13:00;14:00;40;Meeting
2;38;26;28/09/2025;13:00;14:00;70;Makeup
3;8;48;22/10/2025;14:00;16:00;50;Meeting
4;29;69;16/09/2025;09:00;10:00;20;Makeup
5;29;46;03/09/2025;13:00;14:00;60;Event
6;33;51;01/09/2025;08:00;09:00;30;Exam
7;34;81;25/12/2025;08:00;10:00;20;Event
8;8;53;06/10/2025;14:00;16:00;30;Event
9;33;28;02/12/2025;13:00;15:00;30;Meeting
10;3;9;13/12/2025;11:00;12:00;20;Exam
11;19;75;24/11/2025;11:00;13:00;50;Meeting
12;27;50;30/10/2025;15:00;16:00;70;Exam
13;26;7;08/09/2025;11:00;13:00;20;Event
14;11;63;25/09/2025;09:00;11:00;30;Meeting
15;29;89;24/09/2025;10:00;12:00;30;Exam
16;18;59;27/10/2025;15:00;16:00;20;Exam
17;19;54;28/12/2025;15:00;16:00;30;Meeting
18;16;22;02/11/2025;11:00;12:00;50;Exam
19;16;38;22/09/2025;11:00;12:00;50;Makeup
20;12;25;28/12/2025;15:00;17:00;40;Meeting
21;19;8;29/11/2025;14:00;16:00;30;Event
22;23;75;08/10/2025;09:00;10:00;60;Exam
23;14;10;11/10/2025;08:00;09:00;60;Meeting
24;27;85;04/11/2025;15:00;16:00;20;Exam
25;27;88;18/12/2025;09:00;10:00;60;Exam
26;18;8;26/11/2025;15:00;16:00;50;Exam
27;11;65;30/12/2025;13:00;14:00;60;Exam
28;37;26;19/11/2025;08:00;10:00;70;Makeup
29;23;18;29/12/2025;10:00;11:00;70;Makeup
30;42;32;01/10/2025;10:00;12:00;30;Makeup
31;27;81;29/10/2025;10:00;11:00;20;Meeting
32;11;56;19/11/2025;13:00;14:00;20;Event
33;27;21;04/11/2025;10:00;11:00;40;Exam
34;8;78;22/12/2025;09:00;11:00;40;Event
35;12;54;27/10/2025;15:00;17:00;60;Exam
36;40;8;25/11/2025;15:00;17:00;70;Exam
37;40;60;30/12/2025;09:00;11:00;20;Exam
38;7;64;10/11/2025;09:00;11:00;40;Event
39;18;42;01/12/2025;10:00;11:00;70;Makeup
40;9;90;04/11/2025;11:00;13:00;20;Exam
41;4;79;25/10/2025;15:00;17:00;20;Exam
42;12;10;13/10/2025;15:00;16:00;70;Makeup
43;38;81;21/09/2025;14:00;16:00;60;Meeting
44;5;76;11/11/2025;08:00;09:00;20;Event
45;30;88;09/11/2025;08:00;10:00;60;Event
46;21;85;26/10/2025;09:00;10:00;40;Makeup
47;11;66;25/12/2025;15:00;16:00;40;Event
48;14;41;27/11/2025;09:00;10:00;40;Meeting
49;32;9;19/11/2025;14:00;15:00;30;Event
50;1;30;13/12/2025;09:00;11:00;20;Event
51;23;50;04/12/2025;10:00;12:00;70;Event
52;45;41;05/10/2025;09:00;10:00;50;Exam
53;21;78;29/09/2025;09:00;11:00;40;Makeup
54;16;24;15/12/2025;15:00;16:00;30;Exam
55;42;26;24/11/2025;09:00;11:00;40;Makeup
56;18;80;20/12/2025;08:00;10:00;40;Meeting
57;2;54;26/11/2025;15:00;17:00;20;Exam
58;44;52;22/12/2025;10:00;11:00;60;Makeup
59;43;24;14/09/2025;13:00;15:00;40;Makeup
60;44;35;26/10/2025;13:00;14:00;50;Event
61;14;32;06/09/2025;14:00;16:00;20;Event
62;16;42;26/10/2025;08:00;10:00;60;Makeup
63;44;20;24/11/2025;15:00;16:00;70;Makeup
64;22;53;04/11/2025;10:00;12:00;40;Meeting
65;8;89;29/11/2025;10:00;11:00;30;Meeting
66;17;48;25/11/2025;11:00;12:00;60;Makeup
67;18;46;22/10/2025;13:00;14:00;40;Makeup
68;1;50;27/09/2025;11:00;13:00;50;Meeting
69;42;79;27/10/2025;14:00;15:00;60;Meeting
70;41;73;11/12/2025;15:00;16:00;70;Exam
71;20;18;07/10/2025;13:00;15:00;20;Event
72;24;42;26/11/2025;10:00;11:00;30;Event
73;20;54;04/09/2025;08:00;09:00;50;Exam
74;29;10;29/10/2025;11:00;12:00;70;Meeting
75;19;16;03/11/2025;11:00;12:00;30;Exam
76;28;79;24/12/2025;15:00;16:00;50;Event
77;25;8;23/09/2025;15:00;17:00;20;Event
78;32;41;27/12/2025;15:00;16:00;50;Event
79;5;31;30/10/2025;14:00;16:00;50;Meeting
80;2;17;16/12/2025;13:00;15:00;30;Meeting
81;27;73;28/10/2025;10:00;11:00;70;Makeup
82;12;18;08/12/2025;15:00;17:00;70;Event
83;11;81;06/10/2025;11:00;12:00;70;Makeup
84;8;40;01/10/2025;10:00;12:00;40;Exam
85;37;81;18/09/2025;09:00;10:00;50;Event
86;23;20;30/11/2025;09:00;10:00;50;Meeting
87;30;53;13/10/2025;13:00;15:00;50;Exam
88;40;71;27/09/2025;15:00;17:00;50;Exam
89;42;22;22/12/2025;15:00;17:00;50;Exam
90;21;40;30/12/2025;10:00;12:00;50;Meeting
91;31;64;08/11/2025;14:00;15:00;50;Event
92;44;67;05/10/2025;11:00;13:00;20;Meeting
93;24;75;14/10/2025;14:00;16:00;70;Event
94;21;63;17/12/2025;11:00;12:00;60;Exam
95;36;26;21/10/2025;13:00;14:00;20;Meeting
96;12;55;18/09/2025;15:00;17:00;30;Exam
97;32;42;04/10/2025;11:00;13:00;30;Meeting
98;35;55;12/10/2025;10:00;12:00;40;Meeting
99;4;83;16/12/2025;08:00;10:00;20;Exam
100;20;22;31/12/2025;10:00;11:00;70;Exam
101;16;52;09/12/2025;14:00;15:00;20;Event
102;36;18;17/12/2025;08:00;09:00;30;Event
103;2;68;25/11/2025;08:00;09:00;50;Makeup
104;45;46;08/12/2025;10:00;11:00;60;Exam
105;12;87;09/12/2025;15:00;16:00;40;Exam
106;4;17;04/09/2025;10:00;12:00;50;Event
107;24;28;10/09/2025;13:00;14:00;20;Makeup
108;19;45;18/12/2025;14:00;15:00;60;Exam
109;19;26;15/10/2025;13:00;15:00;70;Makeup
110;11;25;09/09/2025;13:00;15:00;20;Meeting
111;21;18;15/12/2025;11:00;12:00;50;Makeup
112;1;81;24/12/2025;15:00;17:00;70;Event
113;24;38;26/10/2025;09:00;11:00;60;Meeting
114;36;89;30/10/2025;11:00;13:00;40;Event
115;40;20;16/12/2025;08:00;10:00;50;Event
116;19;45;06/12/2025;11:00;13:00;40;Exam
117;22;54;03/11/2025;15:00;17:00;30;Meeting
118;42;50;28/09/2025;10:00;12:00;40;Makeup
119;19;78;22/12/2025;13:00;15:00;60;Exam
120;36;38;06/11/2025;09:00;10:00;30;Meeting
121;3;52;02/11/2025;13:00;14:00;70;Meeting
122;20;63;22/11/2025;14:00;16:00;50;Exam
123;10;75;08/10/2025;09:00;11:00;70;Event
124;15;66;24/11/2025;13:00;15:00;50;Makeup
125;13;66;25/10/2025;14:00;16:00;40;Meeting
126;27;24;05/10/2025;10:00;12:00;30;Exam
127;28;58;02/12/2025;09:00;11:00;20;Event
128;9;54;25/09/2025;09:00;11:00;40;Makeup
129;20;17;13/09/2025;15:00;16:00;40;Event
130;41;26;23/09/2025;10:00;11:00;70;Event
131;29;46;06/10/2025;08:00;09:00;60;Makeup
132;3;47;29/11/2025;09:00;11:00;20;Exam
133;37;48;13/11/2025;10:00;12:00;50;Meeting
134;20;3;14/10/2025;09:00;10:00;40;Meeting
135;17;71;15/09/2025;15:00;16:00;50;Meeting
136;45;83;10/09/2025;13:00;14:00;30;Event
137;24;61;13/12/2025;13:00;15:00;20;Event
138;17;81;16/09/2025;13:00;15:00;60;Event
139;6;11;09/12/2025;13:00;15:00;50;Meeting
140;19;74;09/10/2025;15:00;17:00;40;Exam
141;21;42;18/11/2025;14:00;15:00;30;Event
142;42;14;04/10/2025;14:00;15:00;30;Event
143;18;14;23/09/2025;13:00;14:00;30;Exam
144;26;26;23/10/2025;11:00;13:00;40;Exam
145;31;17;30/09/2025;10:00;12:00;70;Meeting
146;29;48;10/09/2025;14:00;15:00;40;Event
147;23;18;25/10/2025;08:00;09:00;70;Event
148;24;61;05/10/2025;15:00;16:00;20;Exam
149;30;30;22/09/2025;15:00;17:00;60;Makeup
150;23;81;27/10/2025;08:00;10:00;70;Makeup
151;10;25;29/11/2025;11:00;13:00;60;Meeting
152;28;46;27/10/2025;08:00;09:00;50;Makeup
153;5;81;17/11/2025;10:00;11:00;20;Event
154;12;54;26/11/2025;15:00;16:00;70;Makeup
155;28;45;13/11/2025;08:00;09:00;50;Meeting
156;26;65;27/12/2025;10:00;11:00;60;Meeting
157;14;38;14/12/2025;11:00;12:00;50;Makeup
158;29;18;23/10/2025;10:00;12:00;70;Exam
159;25;50;21/09/2025;10:00;12:00;70;Meeting
160;42;79;07/10/2025;14:00;16:00;60;Exam
161;7;25;29/10/2025;08:00;10:00;40;Makeup
162;10;50;15/09/2025;15:00;17:00;60;Exam
163;10;48;24/11/2025;15:00;17:00;50;Exam
164;23;25;25/09/2025;13:00;15:00;60;Meeting
165;44;15;20/11/2025;11:00;12:00;30;Makeup
166;29;42;10/11/2025;09:00;11:00;50;Meeting
167;13;81;16/09/2025;08:00;09:00;70;Event
168;13;79;10/11/2025;08:00;10:00;20;Event
169;37;59;17/12/2025;08:00;10:00;20;Event
170;2;46;03/11/2025;14:00;16:00;60;Makeup
171;33;70;16/12/2025;11:00;13:00;30;Meeting
172;24;47;10/11/2025;09:00;11:00;30;Event
173;2;22;20/12/2025;08:00;10:00;50;Makeup
174;14;41;29/12/2025;15:00;17:00;20;Makeup
175;44;22;02/12/2025;10:00;12:00;30;Meeting
176;44;29;08/11/2025;11:00;13:00;40;Meeting
177;36;46;29/10/2025;10:00;11:00;70;Event
178;31;22;13/11/2025;11:00;12:00;50;Exam
179;40;46;11/10/2025;14:00;16:00;70;Meeting
180;33;32;20/10/2025;14:00;15:00;50;Exam
181;22;80;17/09/2025;13:00;15:00;20;Meeting
182;40;85;13/09/2025;13:00;15:00;20;Event
183;5;44;23/10/2025;15:00;16:00;20;Meeting
184;32;10;10/12/2025;10:00;12:00;60;Meeting
185;11;17;23/11/2025;08:00;10:00;70;Meeting
186;31;73;11/10/2025;14:00;16:00;60;Exam
187;24;18;19/11/2025;08:00;09:00;70;Makeup
188;20;63;30/09/2025;14:00;15:00;50;Exam
189;37;32;07/12/2025;14:00;15:00;50;Event
190;12;34;09/10/2025;08:00;09:00;40;Exam
191;35;87;08/10/2025;10:00;12:00;50;Event
192;27;46;02/10/2025;13:00;15:00;60;Event
193;22;25;22/09/2025;09:00;10:00;60;Meeting
194;34;54;19/11/2025;14:00;15:00;50;Event
195;24;18;30/09/2025;11:00;13:00;50;Makeup
196;13;81;25/11/2025;08:00;10:00;40;Event
197;36;30;10/09/2025;11:00;13:00;60;Makeup
198;6;75;25/10/2025;14:00;16:00;50;Makeup
199;45;40;20/10/2025;15:00;17:00;20;Event
200;34;52;19/10/2025;13:00;15:00;60;Makeup
201;41;18;29/11/2025;10:00;11:00;70;Meeting
202;23;81;06/10/2025;08:00;09:00;60;Meeting
203;37;48;16/12/2025;10:00;11:00;60;Makeup
204;45;10;29/09/2025;14:00;15:00;60;Makeup
205;9;81;26/11/2025;15:00;16:00;70;Exam
206;29;89;25/12/2025;14:00;15:00;40;Meeting
207;1;83;03/12/2025;09:00;10:00;40;Makeup
208;26;11;23/09/2025;09:00;10:00;60;Makeup
209;33;61;04/11/2025;10:00;11:00;40;Meeting
210;9;72;13/12/2025;10:00;12:00;20;Meeting
211;14;22;10/09/2025;09:00;10:00;70;Meeting
212;4;25;18/12/2025;15:00;17:00;20;Meeting
213;11;68;02/09/2025;10:00;11:00;50;Makeup
214;14;81;26/11/2025;14:00;16:00;60;Meeting
215;11;27;15/12/2025;14:00;16:00;20;Event
216;14;26;04/09/2025;13:00;15:00;60;Event
217;44;17;22/11/2025;08:00;10:00;70;Makeup
218;14;36;23/11/2025;11:00;12:00;30;Exam
219;3;46;31/12/2025;08:00;10:00;50;Exam
220;22;88;13/09/2025;09:00;10:00;50;Meeting
221;13;22;18/10/2025;14:00;16:00;60;Event
222;16;43;23/12/2025;11:00;12:00;50;Meeting
223;16;75;30/12/2025;10:00;11:00;70;Makeup
224;7;86;28/09/2025;11:00;13:00;30;Makeup
225;28;30;13/09/2025;14:00;16:00;60;Makeup
226;40;3;08/09/2025;11:00;13:00;30;Exam
227;38;10;31/12/2025;15:00;17:00;20;Event
228;8;34;22/11/2025;14:00;15:00;20;Makeup
229;3;4;02/10/2025;09:00;10:00;20;Event
230;39;74;15/11/2025;09:00;10:00;40;Event
231;31;87;10/12/2025;13:00;14:00;40;Event
232;27;69;17/09/2025;13:00;15:00;30;Exam
233;28;6;24/11/2025;15:00;16:00;30;Exam
234;38;54;16/10/2025;15:00;16:00;60;Makeup
235;16;88;03/09/2025;09:00;11:00;20;Event
236;14;10;04/12/2025;11:00;12:00;70;Exam
237;38;11;28/10/2025;15:00;17:00;60;Exam
238;7;18;28/10/2025;13:00;14:00;60;Exam
239;9;8;03/12/2025;15:00;17:00;50;Exam
240;5;26;08/09/2025;11:00;13:00;50;Exam
241;24;78;02/11/2025;14:00;16:00;20;Exam
242;21;54;12/10/2025;13:00;14:00;20;Event
243;12;30;06/10/2025;13:00;15:00;50;Makeup
244;1;59;29/10/2025;13:00;15:00;20;Exam
245;41;43;23/11/2025;14:00;15:00;50;Meeting
246;41;32;23/12/2025;09:00;11:00;40;Meeting
247;3;46;22/10/2025;11:00;12:00;40;Meeting
248;13;35;11/10/2025;14:00;16:00;40;Event
249;9;66;27/11/2025;11:00;12:00;20;Exam
250;40;12;26/10/2025;08:00;10:00;30;Exam
251;37;52;15/11/2025;13:00;15:00;70;Exam
252;34;20;23/10/2025;10:00;12:00;70;Exam
253;29;8;07/10/2025;13:00;15:00;40;Exam
254;30;74;13/11/2025;13:00;14:00;30;Meeting
255;41;76;29/09/2025;15:00;16:00;40;Makeup
256;20;10;15/09/2025;15:00;17:00;60;Event
257;19;46;13/12/2025;11:00;12:00;60;Makeup
258;19;18;04/09/2025;09:00;11:00;70;Makeup
259;35;43;27/12/2025;10:00;12:00;20;Event
260;18;32;21/12/2025;09:00;11:00;20;Event
261;43;22;04/12/2025;14:00;15:00;20;Event
262;8;61;19/10/2025;11:00;13:00;40;Event
263;45;73;18/10/2025;10:00;12:00;60;Exam
264;16;38;23/12/2025;08:00;09:00;30;Exam
265;21;20;26/11/2025;08:00;10:00;50;Meeting
266;2;83;02/11/2025;13:00;15:00;50;Makeup
267;2;71;28/09/2025;15:00;16:00;40;Meeting
268;45;18;15/09/2025;10:00;12:00;60;Makeup
269;9;26;06/09/2025;09:00;11:00;60;Exam
270;20;43;01/09/2025;09:00;11:00;30;Event
271;41;48;07/12/2025;10:00;12:00;40;Exam
272;25;82;01/09/2025;11:00;13:00;30;Event
273;22;63;19/10/2025;13:00;14:00;60;Makeup
274;25;50;10/09/2025;11:00;12:00;50;Exam
275;19;54;29/10/2025;08:00;10:00;60;Meeting
276;12;21;13/11/2025;11:00;13:00;40;Exam
277;17;29;22/10/2025;08:00;10:00;30;Meeting
278;33;27;16/12/2025;14:00;16:00;20;Meeting
279;13;30;18/12/2025;08:00;09:00;50;Meeting
280;27;8;11/09/2025;11:00;13:00;70;Makeup
281;21;84;29/09/2025;10:00;11:00;20;Exam
282;12;78;05/11/2025;09:00;11:00;40;Event
283;34;69;01/10/2025;08:00;09:00;40;Event
284;19;46;23/09/2025;13:00;14:00;70;Exam
285;36;23;23/09/2025;15:00;17:00;50;Meeting
286;29;52;27/11/2025;13:00;15:00;70;Makeup
287;21;48;20/09/2025;11:00;12:00;50;Meeting
288;6;30;20/11/2025;10:00;12:00;60;Exam
289;17;77;16/10/2025;13:00;14:00;40;Meeting
290;42;87;28/10/2025;08:00;09:00;40;Makeup
291;24;65;10/09/2025;14:00;15:00;60;Meeting
292;15;48;30/10/2025;13:00;14:00;50;Event
293;24;88;12/10/2025;13:00;15:00;60;Event
294;43;11;08/09/2025;11:00;12:00;40;Exam
295;9;4;04/11/2025;14:00;15:00;20;Event
296;41;23;30/11/2025;11:00;13:00;60;Event
297;37;63;18/10/2025;10:00;12:00;50;Makeup
298;37;81;26/11/2025;13:00;14:00;70;Makeup
299;26;52;09/09/2025;10:00;11:00;60;Meeting
300;22;31;07/10/2025;10:00;11:00;40;Exam
301;36;69;24/11/2025;09:00;11:00;40;Meeting
302;15;46;17/09/2025;13:00;14:00;40;Meeting
303;2;28;22/11/2025;15:00;17:00;30;Exam
304;42;50;22/11/2025;14:00;16:00;60;Makeup
305;23;11;03/09/2025;10:00;12:00;30;Event
306;17;50;14/10/2025;15:00;17:00;30;Event
307;18;8;18/09/2025;09:00;10:00;40;Exam
308;13;20;04/11/2025;15:00;16:00;70;Makeup
309;41;88;22/12/2025;15:00;16:00;60;Meeting
310;44;22;20/09/2025;09:00;10:00;70;Event
311;21;40;02/12/2025;11:00;12:00;50;Makeup
312;29;23;26/11/2025;14:00;15:00;50;Makeup
313;1;56;06/12/2025;14:00;16:00;30;Event
314;11;82;13/12/2025;15:00;17:00;30;Makeup
315;41;20;26/11/2025;13:00;15:00;50;Makeup
316;42;30;09/12/2025;11:00;13:00;30;Event
317;1;87;17/11/2025;09:00;11:00;20;Meeting
318;9;73;21/12/2025;10:00;11:00;70;Exam
319;8;34;07/10/2025;08:00;09:00;40;Meeting
320;10;18;25/12/2025;13:00;14:00;50;Exam
321;44;63;31/12/2025;09:00;11:00;40;Exam
322;1;29;07/09/2025;11:00;13:00;30;Meeting
323;12;12;11/09/2025;10:00;11:00;20;Makeup
324;25;55;29/12/2025;08:00;10:00;30;Event
325;9;20;07/10/2025;15:00;17:00;70;Event
326;11;50;07/12/2025;14:00;16:00;50;Exam
327;3;58;25/12/2025;08:00;09:00;40;Event
328;43;31;16/12/2025;09:00;11:00;20;Makeup
329;4;76;01/10/2025;10:00;11:00;20;Event
330;32;32;11/12/2025;13:00;15:00;20;Exam
331;19;20;17/12/2025;11:00;12:00;70;Event
332;30;68;01/12/2025;09:00;11:00;50;Exam
333;1;48;18/11/2025;10:00;11:00;60;Meeting
334;36;63;24/09/2025;14:00;15:00;60;Makeup
335;31;11;09/09/2025;13:00;14:00;50;Meeting
336;8;48;06/09/2025;14:00;16:00;40;Makeup
337;17;10;03/09/2025;10:00;11:00;40;Event
338;22;26;03/12/2025;14:00;15:00;60;Makeup
339;37;46;18/09/2025;08:00;10:00;60;Makeup
340;42;50;14/12/2025;14:00;15:00;70;Meeting
341;14;8;29/11/2025;11:00;12:00;30;Exam
342;34;88;01/12/2025;15:00;17:00;20;Makeup
343;33;12;06/09/2025;15:00;16:00;20;Makeup
344;1;52;29/12/2025;10:00;12:00;60;Meeting
345;44;4;06/12/2025;14:00;15:00;40;Makeup
346;42;17;20/12/2025;15:00;16:00;70;Makeup
347;27;27;05/10/2025;08:00;10:00;50;Meeting
348;28;50;27/10/2025;11:00;13:00;30;Meeting
349;14;60;03/11/2025;10:00;12:00;20;Meeting
350;28;48;11/09/2025;11:00;12:00;60;Makeup
351;35;38;12/10/2025;08:00;09:00;40;Makeup
352;4;6;28/10/2025;13:00;15:00;30;Meeting
353;36;20;15/10/2025;11:00;12:00;70;Makeup
354;40;81;18/11/2025;11:00;13:00;70;Exam
355;29;74;10/09/2025;14:00;16:00;40;Event
356;33;23;31/12/2025;08:00;09:00;60;Meeting
357;45;22;17/09/2025;08:00;09:00;70;Makeup
358;19;48;20/10/2025;13:00;14:00;60;Event
359;44;41;26/11/2025;11:00;13:00;40;Meeting
360;8;25;07/12/2025;08:00;09:00;60;Makeup
361;23;43;21/10/2025;10:00;12:00;30;Exam
362;17;68;04/09/2025;14:00;15:00;50;Meeting
363;40;20;11/11/2025;08:00;10:00;40;Meeting
364;18;50;28/09/2025;13:00;15:00;70;Meeting
365;17;88;16/09/2025;09:00;10:00;50;Event
366;15;2;25/12/2025;14:00;16:00;20;Makeup
367;8;48;25/11/2025;10:00;11:00;60;Makeup
368;24;50;24/12/2025;10:00;11:00;70;Event
369;37;16;11/12/2025;10:00;11:00;20;Event
370;45;46;11/12/2025;09:00;10:00;50;Exam
371;9;40;10/11/2025;13:00;15:00;50;Event
372;11;25;18/11/2025;08:00;09:00;40;Meeting
373;33;10;01/12/2025;14:00;16:00;60;Meeting
374;34;20;08/12/2025;11:00;12:00;30;Makeup
375;12;3;22/11/2025;08:00;10:00;50;Makeup
376;16;40;17/09/2025;15:00;16:00;30;Meeting
377;20;12;04/11/2025;15:00;16:00;20;Event
378;11;85;09/10/2025;09:00;10:00;40;Event
379;15;79;15/10/2025;13:00;15:00;20;Makeup
380;42;17;10/11/2025;10:00;11:00;70;Makeup
381;44;78;18/11/2025;13:00;14:00;60;Event
382;37;89;15/11/2025;13:00;14:00;30;Makeup
383;11;1;17/12/2025;13:00;14:00;20;Exam
384;9;20;06/09/2025;14:00;16:00;70;Event
385;31;26;08/12/2025;13:00;15:00;60;Exam
386;39;17;03/11/2025;14:00;16:00;70;Makeup
387;4;32;01/11/2025;09:00;11:00;40;Meeting
388;25;5;10/09/2025;14:00;15:00;30;Meeting
389;9;63;01/11/2025;11:00;12:00;40;Event
390;17;26;11/10/2025;15:00;17:00;70;Makeup
391;26;38;22/10/2025;09:00;11:00;60;Exam
392;9;40;11/10/2025;09:00;11:00;20;Makeup
393;22;74;28/10/2025;09:00;10:00;20;Exam
394;16;84;08/10/2025;11:00;13:00;30;Event
395;29;2;14/12/2025;10:00;12:00;30;Event
396;1;64;03/11/2025;13:00;15:00;50;Makeup
397;23;50;03/11/2025;08:00;09:00;50;Meeting
398;2;41;01/10/2025;09:00;11:00;20;Exam
399;16;22;07/10/2025;11:00;13:00;40;Exam
400;16;43;18/12/2025;08:00;10:00;30;Makeup
401;3;48;03/12/2025;10:00;12:00;40;Exam
402;39;66;22/10/2025;08:00;09:00;40;Makeup
403;32;17;10/09/2025;11:00;13:00;60;Makeup
404;8;82;15/12/2025;13:00;14:00;30;Exam
405;41;20;21/10/2025;10:00;12:00;60;Makeup
406;2;46;06/12/2025;09:00;10:00;60;Meeting
407;8;34;04/11/2025;08:00;09:00;20;Event
408;6;73;01/12/2025;10:00;12:00;60;Meeting
409;15;25;20/09/2025;13:00;14:00;40;Makeup
410;44;30;21/09/2025;11:00;13:00;60;Makeup
411;27;8;04/11/2025;15:00;17:00;70;Makeup
412;9;55;14/12/2025;08:00;10:00;40;Exam
413;32;26;11/12/2025;14:00;15:00;60;Meeting
414;43;73;04/10/2025;14:00;15:00;70;Exam
415;33;2;01/11/2025;09:00;11:00;30;Event
416;4;80;13/11/2025;14:00;15:00;30;Exam
417;19;81;27/10/2025;10:00;12:00;30;Meeting
418;2;20;27/09/2025;11:00;13:00;70;Exam
419;6;79;30/11/2025;09:00;10:00;60;Makeup
420;23;52;24/11/2025;11:00;13:00;40;Event
421;42;42;29/10/2025;13:00;15:00;60;Makeup
422;30;52;26/11/2025;15:00;17:00;60;Meeting
423;16;11;25/09/2025;09:00;11:00;60;Makeup
424;6;73;29/09/2025;10:00;12:00;70;Event
425;31;20;30/11/2025;11:00;13:00;50;Makeup
426;20;22;11/11/2025;15:00;17:00;40;Exam
427;34;66;13/11/2025;14:00;16:00;50;Makeup
428;39;64;08/12/2025;15:00;16:00;40;Exam
429;31;8;07/10/2025;14:00;15:00;40;Meeting
430;16;1;23/11/2025;10:00;12:00;30;Event
431;44;48;15/12/2025;13:00;15:00;60;Makeup
432;36;82;18/09/2025;08:00;09:00;30;Exam
433;23;22;25/11/2025;13:00;14:00;70;Event
434;6;20;07/09/2025;08:00;10:00;40;Meeting
435;25;66;13/09/2025;14:00;15:00;20;Event
436;33;73;23/10/2025;14:00;16:00;50;Event
437;16;63;06/12/2025;10:00;12:00;40;Exam
438;35;23;08/12/2025;08:00;09:00;60;Exam
439;17;86;27/12/2025;09:00;11:00;30;Exam
440;7;40;17/12/2025;11:00;13:00;30;Makeup
441;44;51;22/12/2025;08:00;09:00;40;Exam
442;42;23;28/12/2025;10:00;12:00;50;Meeting
443;31;79;23/12/2025;09:00;11:00;40;Event
444;30;63;13/12/2025;08:00;10:00;30;Meeting
445;13;74;22/11/2025;10:00;11:00;20;Makeup
446;44;49;11/12/2025;10:00;11:00;30;Meeting
447;3;60;15/12/2025;11:00;13:00;20;Meeting
448;45;87;25/11/2025;08:00;09:00;30;Meeting
449;41;74;12/10/2025;09:00;10:00;40;Meeting
450;9;17;01/10/2025;11:00;13:00;40;Makeup
451;23;52;02/12/2025;13:00;14:00;40;Makeup
452;22;22;01/10/2025;08:00;09:00;50;Makeup
453;29;10;21/09/2025;11:00;13:00;70;Exam
454;6;26;27/12/2025;10:00;12:00;60;Event
455;39;73;29/09/2025;09:00;11:00;30;Meeting
456;31;17;17/11/2025;10:00;12:00;70;Meeting
457;43;83;06/12/2025;13:00;14:00;30;Exam
458;40;46;28/10/2025;13:00;15:00;20;Exam
459;8;50;08/09/2025;15:00;16:00;60;Event
460;21;33;22/09/2025;10:00;12:00;20;Event
461;32;14;01/12/2025;13:00;15:00;20;Meeting
462;17;2;13/12/2025;08:00;10:00;30;Meeting
463;24;10;29/10/2025;13:00;14:00;60;Meeting
464;9;26;26/11/2025;15:00;17:00;70;Exam
465;33;10;21/10/2025;10:00;11:00;70;Event
466;42;6;10/09/2025;08:00;10:00;40;Exam
467;2;50;09/11/2025;08:00;09:00;50;Exam
468;31;38;07/10/2025;11:00;12:00;30;Meeting
469;31;48;18/10/2025;11:00;13:00;50;Meeting
470;43;81;11/09/2025;14:00;15:00;70;Makeup
471;25;78;16/09/2025;09:00;11:00;60;Event
472;44;29;03/12/2025;09:00;10:00;20;Makeup
473;39;38;30/10/2025;14:00;16:00;60;Meeting
474;3;8;15/12/2025;09:00;10:00;50;Makeup
475;37;26;20/09/2025;10:00;11:00;70;Exam
476;37;26;13/12/2025;14:00;16:00;60;Exam
477;11;18;01/10/2025;09:00;10:00;20;Exam
478;33;88;28/10/2025;13:00;14:00;30;Exam
479;45;23;22/10/2025;11:00;12:00;60;Event
480;5;76;06/12/2025;15:00;16:00;30;Makeup
481;31;54;30/09/2025;15:00;17:00;60;Makeup
482;11;20;01/10/2025;10:00;11:00;70;Event
483;17;24;23/10/2025;10:00;12:00;20;Event
484;3;48;20/11/2025;14:00;16:00;60;Meeting
485;12;88;07/09/2025;10:00;12:00;60;Makeup
486;41;21;29/11/2025;11:00;13:00;30;Makeup
487;22;11;19/10/2025;09:00;11:00;30;Event
488;20;11;09/10/2025;15:00;16:00;50;Exam
489;44;65;11/11/2025;11:00;13:00;60;Event
490;34;62;20/10/2025;09:00;11:00;30;Makeup
491;36;54;22/11/2025;08:00;10:00;40;Exam
492;35;89;08/11/2025;14:00;15:00;20;Makeup
493;30;28;19/10/2025;14:00;15:00;20;Event
494;42;35;07/12/2025;13:00;14:00;50;Event
495;24;65;21/12/2025;10:00;12:00;20;Event
496;2;73;29/12/2025;09:00;10:00;70;Meeting
497;19;17;27/12/2025;09:00;10:00;50;Event
498;44;11;10/11/2025;10:00;12:00;50;Meeting
499;43;61;08/11/2025;14:00;16:00;40;Makeup
500;21;41;05/11/2025;11:00;13:00;20;Meeting
501;34;3;07/12/2025;15:00;17:00;30;Makeup
502;29;75;11/10/2025;11:00;12:00;60;Event
503;29;88;04/12/2025;09:00;10:00;40;Meeting
504;22;29;08/10/2025;09:00;10:00;40;Event
505;26;54;19/10/2025;13:00;14:00;50;Makeup
506;32;81;07/12/2025;15:00;17:00;70;Meeting
507;39;43;29/10/2025;09:00;11:00;30;Event
508;12;46;02/12/2025;13:00;15:00;30;Exam
509;9;50;17/12/2025;15:00;16:00;70;Exam
510;28;5;07/12/2025;08:00;10:00;30;Event
511;11;28;09/09/2025;14:00;15:00;20;Event
512;2;73;04/11/2025;11:00;13:00;20;Meeting
513;36;35;24/11/2025;11:00;12:00;20;Meeting
514;31;54;02/09/2025;08:00;10:00;60;Makeup
515;1;11;03/09/2025;13:00;15:00;30;Exam
516;10;42;27/12/2025;08:00;09:00;30;Event
517;23;5;19/11/2025;13:00;15:00;40;Makeup
518;32;8;11/12/2025;11:00;12:00;40;Meeting
519;17;73;29/10/2025;13:00;14:00;70;Event
520;19;17;09/10/2025;14:00;15:00;70;Exam
521;15;26;22/10/2025;11:00;13:00;60;Meeting
522;8;42;08/09/2025;14:00;15:00;70;Event
523;19;52;11/09/2025;11:00;13:00;70;Makeup
524;9;42;12/11/2025;15:00;16:00;60;Exam
525;21;89;30/09/2025;09:00;11:00;40;Exam
526;2;25;28/12/2025;08:00;10:00;60;Exam
527;26;67;23/09/2025;15:00;17:00;20;Event
528;21;81;15/11/2025;09:00;11:00;20;Makeup
529;2;65;21/09/2025;13:00;14:00;60;Meeting
530;43;3;26/11/2025;13:00;15:00;50;Event
531;31;10;11/12/2025;14:00;15:00;60;Makeup
532;24;40;07/09/2025;08:00;10:00;30;Exam
533;27;35;14/10/2025;13:00;15:00;40;Exam
534;20;42;05/10/2025;15:00;17:00;50;Event
535;29;63;16/10/2025;13:00;15:00;50;Event
536;4;61;27/11/2025;13:00;15:00;20;Makeup
537;40;41;02/10/2025;14:00;15:00;20;Makeup
538;9;42;20/09/2025;11:00;12:00;70;Meeting
539;36;32;11/10/2025;10:00;11:00;20;Exam
540;18;20;30/12/2025;10:00;12:00;40;Makeup
541;35;17;14/09/2025;09:00;10:00;30;Meeting
542;31;17;28/10/2025;13:00;15:00;20;Exam
543;9;75;16/10/2025;13:00;14:00;60;Makeup
544;4;55;20/12/2025;11:00;12:00;40;Meeting
545;8;50;20/10/2025;15:00;16:00;70;Event
546;27;73;13/11/2025;13:00;14:00;70;Meeting
547;42;89;22/09/2025;09:00;11:00;40;Makeup
548;24;24;03/11/2025;09:00;10:00;30;Meeting
549;38;43;06/10/2025;11:00;13:00;50;Exam
550;29;30;30/12/2025;09:00;11:00;60;Event
551;20;66;29/10/2025;08:00;09:00;40;Exam
552;36;10;31/12/2025;11:00;13:00;60;Meeting
553;44;51;20/12/2025;10:00;12:00;40;Meeting
554;17;31;14/12/2025;15:00;16:00;40;Makeup
555;27;65;17/11/2025;14:00;15:00;50;Makeup
556;12;89;23/09/2025;11:00;13:00;40;Meeting
557;23;81;13/11/2025;15:00;16:00;40;Meeting
558;45;5;06/10/2025;15:00;17:00;40;Exam
559;43;46;29/12/2025;13:00;14:00;60;Event
560;24;81;27/11/2025;15:00;16:00;70;Meeting
561;27;23;30/12/2025;14:00;15:00;50;Makeup
562;35;40;16/12/2025;14:00;15:00;50;Meeting
563;10;64;18/09/2025;14:00;16:00;30;Makeup
564;17;11;24/11/2025;09:00;11:00;50;Exam
565;27;52;28/10/2025;13:00;15:00;60;Meeting
566;34;8;08/11/2025;13:00;15:00;60;Exam
567;32;47;11/12/2025;10:00;11:00;20;Event
568;38;43;24/11/2025;14:00;16:00;30;Exam
569;13;88;12/11/2025;14:00;16:00;40;Meeting
570;14;67;14/09/2025;08:00;09:00;40;Event
571;21;27;05/11/2025;14:00;15:00;50;Makeup
572;42;52;21/10/2025;11:00;12:00;40;Exam
573;27;42;01/11/2025;08:00;10:00;50;Exam
574;2;80;15/09/2025;15:00;16:00;40;Makeup
575;10;48;14/10/2025;11:00;12:00;60;Meeting
576;6;64;15/10/2025;11:00;12:00;50;Meeting
577;42;64;11/10/2025;08:00;10:00;20;Exam
578;20;54;03/09/2025;15:00;17:00;70;Exam
579;5;8;26/11/2025;15:00;16:00;70;Event
580;37;74;06/11/2025;09:00;10:00;40;Meeting
581;1;50;30/10/2025;09:00;11:00;70;Event
582;30;20;24/09/2025;14:00;16:00;50;Exam
583;7;41;04/12/2025;13:00;14:00;50;Meeting
584;28;12;20/10/2025;08:00;09:00;30;Makeup
585;39;63;06/12/2025;14:00;15:00;60;Exam
586;40;15;21/12/2025;13:00;14:00;40;Makeup
587;1;8;29/10/2025;08:00;10:00;70;Meeting
588;5;78;11/10/2025;13:00;15:00;60;Meeting
589;11;80;15/11/2025;08:00;10:00;40;Meeting
590;26;18;19/11/2025;09:00;11:00;60;Exam
591;14;45;26/11/2025;09:00;11:00;20;Event
592;41;73;15/09/2025;09:00;11:00;70;Event
593;14;17;05/11/2025;11:00;13:00;60;Event
594;33;80;13/11/2025;11:00;13:00;30;Meeting
595;10;54;08/11/2025;14:00;15:00;60;Event
596;28;78;02/11/2025;10:00;11:00;30;Makeup
597;33;4;17/12/2025;11:00;12:00;40;Exam
598;26;52;02/11/2025;09:00;10:00;50;Meeting
599;35;27;23/10/2025;14:00;16:00;50;Meeting
600;29;38;02/11/2025;09:00;10:00;60;Exam
601;43;69;11/12/2025;15:00;16:00;40;Exam
602;37;22;06/10/2025;09:00;11:00;30;Meeting
603;10;50;12/11/2025;14:00;16:00;60;Exam
604;21;48;13/11/2025;08:00;10:00;60;Makeup
605;24;73;09/11/2025;15:00;16:00;70;Meeting
606;24;40;09/11/2025;09:00;11:00;20;Event
607;39;51;09/10/2025;15:00;16:00;50;Makeup
608;4;35;15/10/2025;15:00;16:00;50;Exam
609;44;69;09/12/2025;15:00;16:00;30;Makeup
610;42;19;20/12/2025;14:00;16:00;30;Event
611;3;61;10/12/2025;09:00;10:00;20;Makeup
612;11;23;08/11/2025;10:00;11:00;40;Makeup
613;13;65;08/10/2025;13:00;15:00;60;Exam
614;36;19;18/09/2025;15:00;17:00;20;Makeup
615;30;73;20/12/2025;14:00;15:00;70;Event
616;22;65;02/10/2025;09:00;11:00;30;Meeting
617;45;17;02/11/2025;09:00;11:00;70;Meeting
618;33;8;19/10/2025;11:00;12:00;70;Exam
619;45;20;22/10/2025;13:00;15:00;70;Makeup
620;45;22;29/10/2025;11:00;13:00;60;Exam
621;18;42;21/12/2025;15:00;16:00;70;Meeting
622;45;88;25/11/2025;14:00;16:00;20;Meeting
623;16;65;28/09/2025;11:00;12:00;50;Makeup
624;3;33;12/10/2025;15:00;17:00;40;Event
625;18;67;12/11/2025;15:00;17:00;40;Exam
626;20;57;06/09/2025;08:00;10:00;20;Exam
627;19;78;28/12/2025;15:00;16:00;50;Meeting
628;5;26;01/09/2025;11:00;12:00;70;Event
629;25;89;22/12/2025;14:00;16:00;30;Makeup
630;36;80;23/11/2025;10:00;12:00;20;Makeup
631;43;31;25/11/2025;14:00;15:00;20;Meeting
632;19;63;20/11/2025;10:00;11:00;50;Exam
633;29;84;30/11/2025;08:00;09:00;30;Meeting
634;3;81;10/09/2025;09:00;10:00;60;Meeting
635;39;31;02/09/2025;08:00;10:00;20;Meeting
636;23;12;17/09/2025;11:00;12:00;30;Meeting
637;2;82;03/12/2025;15:00;16:00;20;Makeup
638;28;18;18/10/2025;10:00;11:00;50;Event
639;10;74;22/11/2025;14:00;15:00;20;Exam
640;16;18;18/11/2025;14:00;15:00;50;Makeup
641;12;51;02/12/2025;09:00;10:00;50;Meeting
642;43;70;20/12/2025;09:00;10:00;20;Event
643;28;68;06/12/2025;08:00;10:00;40;Meeting
644;5;15;11/10/2025;15:00;16:00;30;Makeup
645;40;10;22/11/2025;08:00;09:00;60;Makeup
646;5;75;09/12/2025;14:00;15:00;70;Makeup
647;24;50;27/09/2025;13:00;14:00;70;Meeting
648;19;23;08/10/2025;14:00;15:00;30;Meeting
649;31;78;20/10/2025;08:00;09:00;50;Exam
650;10;40;23/12/2025;08:00;10:00;40;Event
651;12;85;20/10/2025;15:00;17:00;40;Event
652;40;64;07/12/2025;11:00;12:00;20;Exam
653;31;43;02/09/2025;10:00;11:00;20;Exam
654;44;75;31/12/2025;15:00;17:00;60;Makeup
655;27;89;20/11/2025;14:00;16:00;50;Meeting
656;35;16;11/09/2025;14:00;15:00;40;Exam
657;6;60;11/09/2025;13:00;14:00;30;Makeup
658;28;27;21/10/2025;13:00;14:00;40;Meeting
659;6;11;03/12/2025;15:00;16:00;20;Event
660;18;54;28/12/2025;11:00;12:00;50;Exam
661;35;43;25/11/2025;14:00;15:00;20;Exam
662;11;49;30/11/2025;09:00;10:00;30;Meeting
663;4;14;31/12/2025;10:00;12:00;30;Makeup
664;12;20;17/09/2025;14:00;16:00;70;Exam
665;1;79;08/12/2025;08:00;10:00;50;Makeup
666;14;73;09/09/2025;10:00;11:00;50;Meeting
667;33;23;05/11/2025;10:00;11:00;50;Event
668;18;77;18/10/2025;09:00;11:00;20;Exam
669;22;42;30/09/2025;14:00;15:00;20;Exam
670;18;32;02/10/2025;08:00;10:00;40;Meeting
671;6;36;27/12/2025;09:00;10:00;20;Meeting
672;28;71;29/09/2025;10:00;11:00;50;Makeup
673;40;78;05/10/2025;15:00;16:00;60;Makeup
674;18;71;16/09/2025;13:00;14:00;30;Event
675;37;54;06/11/2025;08:00;10:00;20;Meeting
676;24;79;20/12/2025;10:00;12:00;40;Exam
677;19;59;10/11/2025;11:00;12:00;40;Event
678;28;17;08/10/2025;13:00;15:00;70;Event
679;5;49;30/10/2025;10:00;12:00;30;Event
680;38;85;20/09/2025;08:00;10:00;20;Event
681;16;69;09/11/2025;10:00;11:00;40;Exam
682;37;26;07/12/2025;14:00;16:00;70;Makeup
683;27;20;14/09/2025;09:00;10:00;50;Meeting
684;45;63;08/09/2025;09:00;11:00;20;Exam
685;16;26;27/12/2025;09:00;11:00;70;Makeup
686;41;42;29/10/2025;14:00;15:00;60;Exam
687;35;81;04/11/2025;09:00;11:00;20;Exam
688;16;1;26/10/2025;14:00;15:00;30;Makeup
689;30;89;04/10/2025;15:00;17:00;50;Makeup
690;36;36;11/10/2025;11:00;13:00;30;Exam
691;39;50;30/12/2025;09:00;10:00;60;Exam
692;35;59;20/09/2025;08:00;09:00;50;Meeting
693;31;25;11/10/2025;11:00;12:00;60;Makeup
694;30;41;08/12/2025;09:00;11:00;40;Meeting
695;38;23;04/10/2025;15:00;16:00;20;Event
696;20;17;13/12/2025;14:00;16:00;70;Exam
697;22;51;28/09/2025;15:00;17:00;30;Exam
698;43;83;01/12/2025;09:00;11:00;50;Exam
699;17;16;26/11/2025;10:00;12:00;30;Exam
700;39;8;31/12/2025;11:00;13:00;60;Event
701;11;38;13/09/2025;11:00;12:00;30;Exam
702;2;1;02/09/2025;08:00;09:00;30;Event
703;3;42;15/12/2025;11:00;13:00;70;Exam
704;5;18;15/11/2025;10:00;11:00;20;Exam
705;4;76;25/12/2025;14:00;16:00;30;Exam
706;42;69;25/12/2025;15:00;17:00;20;Exam
707;34;67;30/12/2025;11:00;12:00;30;Meeting
708;6;30;15/12/2025;14:00;16:00;50;Exam
709;33;48;19/10/2025;14:00;16:00;30;Makeup
710;42;31;28/09/2025;09:00;11:00;40;Meeting
711;34;78;23/12/2025;09:00;10:00;60;Event
712;21;27;22/11/2025;10:00;12:00;50;Meeting
713;29;59;08/09/2025;08:00;10:00;50;Event
714;37;50;22/11/2025;15:00;16:00;70;Exam
715;36;53;19/10/2025;15:00;17:00;50;Meeting
716;14;11;15/10/2025;13:00;15:00;50;Makeup
717;43;8;24/09/2025;08:00;10:00;60;Event
718;29;58;04/09/2025;15:00;17:00;20;Meeting
719;36;53;16/10/2025;15:00;16:00;30;Exam
720;28;29;02/10/2025;14:00;15:00;40;Exam
721;32;69;07/12/2025;09:00;11:00;40;Event
722;40;42;23/09/2025;09:00;11:00;70;Makeup
723;36;54;15/11/2025;08:00;10:00;60;Event
724;40;38;12/11/2025;09:00;11:00;60;Makeup
725;28;31;23/09/2025;11:00;12:00;20;Exam
726;4;64;30/09/2025;13:00;14:00;20;Meeting
727;2;71;01/09/2025;10:00;11:00;30;Makeup
728;41;2;01/12/2025;09:00;11:00;20;Exam
729;20;82;15/11/2025;14:00;15:00;20;Makeup
730;30;54;10/09/2025;10:00;12:00;60;Exam
731;6;56;14/10/2025;10:00;12:00;30;Event
732;10;10;03/12/2025;11:00;13:00;70;Makeup
733;18;29;23/09/2025;14:00;16:00;30;Event
734;35;27;19/10/2025;10:00;12:00;30;Event
735;38;52;03/12/2025;08:00;10:00;60;Exam
736;10;88;24/09/2025;13:00;15:00;60;Event
737;23;16;12/11/2025;08:00;10:00;30;Makeup
738;16;59;10/09/2025;09:00;11:00;40;Event
739;25;35;23/12/2025;08:00;10:00;50;Exam
740;16;18;04/10/2025;09:00;10:00;70;Exam
741;11;54;15/10/2025;10:00;11:00;70;Exam
742;2;81;07/09/2025;11:00;13:00;70;Meeting
743;10;78;22/09/2025;11:00;13:00;50;Makeup
744;2;52;09/11/2025;11:00;12:00;50;Event
745;2;75;21/09/2025;11:00;12:00;20;Makeup
746;1;64;03/09/2025;10:00;12:00;20;Exam
747;9;33;14/10/2025;09:00;11:00;30;Exam
748;33;17;10/11/2025;08:00;10:00;60;Meeting
749;13;52;30/11/2025;08:00;10:00;70;Event
750;6;14;17/11/2025;11:00;12:00;20;Exam
751;16;41;13/10/2025;09:00;10:00;50;Makeup
752;23;71;24/11/2025;10:00;12:00;30;Exam
753;19;48;07/09/2025;11:00;13:00;30;Exam
754;41;4;01/09/2025;11:00;12:00;40;Meeting
755;25;73;13/09/2025;08:00;09:00;30;Makeup
756;13;41;11/09/2025;11:00;12:00;40;Meeting
757;34;29;02/11/2025;14:00;16:00;20;Meeting
758;45;34;24/09/2025;10:00;12:00;40;Event
759;37;46;28/10/2025;08:00;10:00;50;Meeting
760;42;73;04/10/2025;09:00;11:00;60;Exam
761;34;82;20/09/2025;15:00;16:00;20;Makeup
762;31;10;13/12/2025;13:00;15:00;60;Event
763;20;45;10/11/2025;08:00;10:00;60;Meeting
764;10;81;08/11/2025;14:00;16:00;60;Event
765;28;52;09/10/2025;08:00;10:00;70;Exam
766;10;22;04/11/2025;13:00;14:00;20;Meeting
767;10;33;23/09/2025;09:00;10:00;30;Event
768;30;22;06/09/2025;11:00;12:00;70;Meeting
769;22;45;15/12/2025;14:00;15:00;60;Makeup
770;10;63;11/10/2025;14:00;15:00;20;Meeting
771;41;45;11/11/2025;11:00;13:00;40;Meeting
772;9;73;27/12/2025;15:00;16:00;70;Meeting
773;39;6;15/09/2025;11:00;12:00;30;Exam
774;20;29;28/12/2025;08:00;09:00;40;Makeup
775;15;41;22/12/2025;11:00;13:00;50;Meeting
776;8;75;13/11/2025;13:00;15:00;20;Event
777;17;63;06/10/2025;11:00;12:00;60;Meeting
778;28;82;21/10/2025;10:00;11:00;20;Meeting
779;8;33;27/12/2025;10:00;12:00;20;Makeup
780;16;69;14/12/2025;15:00;17:00;40;Makeup
781;1;19;17/12/2025;11:00;12:00;30;Event
782;19;71;09/10/2025;14:00;16:00;40;Makeup
783;12;36;03/12/2025;11:00;12:00;30;Meeting
784;41;22;28/09/2025;15:00;17:00;70;Meeting
785;34;89;07/12/2025;13:00;15:00;20;Event
786;17;46;09/09/2025;10:00;12:00;30;Exam
787;22;59;23/09/2025;09:00;10:00;20;Event
788;44;17;29/10/2025;08:00;10:00;70;Event
789;11;63;06/10/2025;10:00;12:00;60;Meeting
790;37;37;28/12/2025;08:00;09:00;30;Makeup
791;12;4;02/11/2025;13:00;15:00;30;Meeting
792;21;31;15/11/2025;13:00;15:00;40;Event
793;22;40;17/12/2025;10:00;11:00;40;Exam
794;4;65;20/10/2025;08:00;09:00;60;Event
795;43;20;29/09/2025;14:00;15:00;70;Event
796;14;88;05/10/2025;14:00;16:00;60;Exam
797;14;40;20/12/2025;15:00;16:00;50;Event
798;32;41;22/11/2025;09:00;10:00;30;Makeup
799;2;50;17/11/2025;15:00;17:00;70;Makeup
800;6;79;25/10/2025;11:00;13:00;50;Makeup
